Harmonized Code;Nombre Producto;Precio;;;;;;;
SDM0008DD91;1.6 GB SSD HARD DRIVE - COMPUTER PERIPHERAL DEVICE - INTERNAL COMPONENT FOR TELECOM EQUIPMENT;320;;;;;;;
MZPLL3T2HAJQ-0005;2 TB HDD HARD DRIVE - COMPUTER PERIPHERAL DEVICE - INTERNAL COMPONENT FOR TELECOM EQUIPMENT;1500;;;;;;;
MZPLL3T2HAJQ-0005;2 TB HDD HARD DRIVE - COMPUTER PERIPHERAL DEVICE - INTERNAL COMPONENT FOR TELECOM EQUIPMENT;1500;;;;;;;
ICMPP024T21;2-SR1 RJ45- PATCH PANEL 24 - PROTECTING CIRCUITS;300;;;;;;;
ICMPP024T21;2-SR1 RJ45- PATCH PANEL 24 - PROTECTING CIRCUITS;300;;;;;;;
AX210;255-1066-ND - ELECTRICAL APARTUS FOR SWITCHING OR PROTECTING CIRCUITS;22;;;;;;;
DSE-SL2LDC5V;255-1066-ND - ELECTRICAL APARTUS FOR SWITCHING OR PROTECTING CIRCUITS;50;;;;;;;
AX210;255-1066-ND - ELECTRICAL APARTUS FOR SWITCHING OR PROTECTING CIRCUITS;22;;;;;;;
DSE-SL2LDC5V;255-1066-ND - ELECTRICAL APARTUS FOR SWITCHING OR PROTECTING CIRCUITS;50;;;;;;;
DT101G2/32GBZ;32GB USB DRIVE - COMPUTER PERIPHERAL DEVICE - DATA DEVICE INCORPORATED TO GO INTO DATA PROCESSING MACHINE;7,5;;;;;;;
DT101G2/32GBZ;32GB USB DRIVE - COMPUTER PERIPHERAL DEVICE - DATA DEVICE INCORPORATED TO GO INTO DATA PROCESSING MACHINE;7,5;;;;;;;
P100MA;3U RMS Chassis;12000;;;;;;;
P100MA;3U RMS Chassis;12000;;;;;;;
SHP2280P2H/480G;480 GB HYPERX- COMPUTER PERIPHERAL DEVICE - INTERNAL COMPONENT - AUDIO CARD - TELECOMMU8NICATIONS - SSD;600;;;;;;;
SHP2280P2H/480G;480 GB HYPERX- COMPUTER PERIPHERAL DEVICE - INTERNAL COMPONENT - AUDIO CARD - TELECOMMU8NICATIONS - SSD;600;;;;;;;
SNPGTWW1C/4G;4GB RAM - COMPUTER PERIPHERAL DEVICE - INTERNAL COMPONENT - COMPUTER MEMORY - RAM;35;;;;;;;
SNPGTWW1C/4G;4GB RAM - COMPUTER PERIPHERAL DEVICE - INTERNAL COMPONENT - COMPUTER MEMORY - RAM;35;;;;;;;
SD4/ 4GB;4GB SD CARD - COMPUTER STORAGE DEVICE;6,91;;;;;;;
SD4/ 4GB;4GB SD CARD - COMPUTER STORAGE DEVICE;6,91;;;;;;;
WD5000LPLX,ZGS1L3;500 GB HARD DRIVE - COMPUTER PERIPHERAL DEVICE - INTERNAL COMPONENT FOR TELECOM EQUIPMENT;200;;;;;;;
WD5000LPLX,ZGS1L3;500 GB HARD DRIVE - COMPUTER PERIPHERAL DEVICE - INTERNAL COMPONENT FOR TELECOM EQUIPMENT;200;;;;;;;
WD5000LPLX;500 GB SSD HARD DRIVE - COMPUTER PERIPHERAL DEVICE - INTERNAL COMPONENT FOR TELECOM EQUIPMENT;920;;;;;;;
WD5000LPLX;500 GB SSD HARD DRIVE - COMPUTER PERIPHERAL DEVICE - INTERNAL COMPONENT FOR TELECOM EQUIPMENT;920;;;;;;;
NANO-001N-5010-01;AAEON NAN - MINI PC - COMPUTER SYSTEM - DATA PROCESSING MACHINE;850;;;;;;;
NANO-001N-5010-01;AAEON NAN - MINI PC - COMPUTER SYSTEM - DATA PROCESSING MACHINE;850;;;;;;;
A1757-0131-10-55;AASTRA PHONE KEYPAD EXTENSION - VOICE OVER INTERNET PEYPAD EXTENSION - PART;180;;;;;;;
A1757-0131-10-55;AASTRA PHONE KEYPAD EXTENSION - VOICE OVER INTERNET PEYPAD EXTENSION - PART;180;;;;;;;
A6737-0131-10-55;AASTRA VOIP PHONE, MODEL 6739I - VOICE OVER INTERNET PHONE.;200;;;;;;;
A6737-0131-10-551;AASTRA VOIP PHONE, MODEL 6739I - VOICE OVER INTERNET PHONE.;200;;;;;;;
A6737-0131-10-55;AASTRA VOIP PHONE, MODEL 6739I - VOICE OVER INTERNET PHONE.;200;;;;;;;
A6737-0131-10-551;AASTRA VOIP PHONE, MODEL 6739I - VOICE OVER INTERNET PHONE.;200;;;;;;;
A1757-0131-10-05;AASTRA VOIP PHONE, MODEL 6757 - VOICE OVER INTERNET PHONE.;200;;;;;;;
AASTRA 6757I3;AASTRA VOIP PHONE, MODEL 6757 - VOICE OVER INTERNET PHONE.;200;;;;;;;
AASTRA 6757I4;AASTRA VOIP PHONE, MODEL 6757 - VOICE OVER INTERNET PHONE.;200;;;;;;;
AASTRA 6757I5;AASTRA VOIP PHONE, MODEL 6757 - VOICE OVER INTERNET PHONE.;200;;;;;;;
AASTRA 6757I6;AASTRA VOIP PHONE, MODEL 6757 - VOICE OVER INTERNET PHONE.;200;;;;;;;
AASTRA 6757I;AASTRA VOIP PHONE, MODEL 6757 - VOICE OVER INTERNET PHONE.;200;;;;;;;
AASTRA 6757I1;AASTRA VOIP PHONE, MODEL 6757 - VOICE OVER INTERNET PHONE.;200;;;;;;;
A1757-0131-10-05;AASTRA VOIP PHONE, MODEL 6757 - VOICE OVER INTERNET PHONE.;200;;;;;;;
AASTRA 6757I3;AASTRA VOIP PHONE, MODEL 6757 - VOICE OVER INTERNET PHONE.;200;;;;;;;
AASTRA 6757I4;AASTRA VOIP PHONE, MODEL 6757 - VOICE OVER INTERNET PHONE.;200;;;;;;;
AASTRA 6757I5;AASTRA VOIP PHONE, MODEL 6757 - VOICE OVER INTERNET PHONE.;200;;;;;;;
AASTRA 6757I6;AASTRA VOIP PHONE, MODEL 6757 - VOICE OVER INTERNET PHONE.;200;;;;;;;
AASTRA 6757I;AASTRA VOIP PHONE, MODEL 6757 - VOICE OVER INTERNET PHONE.;200;;;;;;;
AASTRA 6757I1;AASTRA VOIP PHONE, MODEL 6757 - VOICE OVER INTERNET PHONE.;200;;;;;;;
B326HUL;ACER 32INCH MONITOR - COMPUTER PERIPHERAL DEVICE - DISPLAY UNIT - LED MONITOR - 32 INCH;550;;;;;;;
B326HUL;ACER 32INCH MONITOR - COMPUTER PERIPHERAL DEVICE - DISPLAY UNIT - LED MONITOR - 32 INCH;550;;;;;;;
WDBYNN0010BBL-0B;AEGIS PADLOCK - COMPUTER PERIHPERAL, DATA DEVICE INCORPORATED INTO DATA PROCESSING MACHINE;250;;;;;;;
WDBYNN0010BBL-0B;AEGIS PADLOCK - COMPUTER PERIHPERAL, DATA DEVICE INCORPORATED INTO DATA PROCESSING MACHINE;250;;;;;;;
AW-B50104-151;ALARM CONFIGURATION CABLE CONNECTED TO THE 911 CALL CENTER – USED FOR TELECOMMUNICATIO;200;;;;;;;
AW-B50104-151;ALARM CONFIGURATION CABLE CONNECTED TO THE 911 CALL CENTER – USED FOR TELECOMMUNICATIO;200;;;;;;;
1108 AH 0034;ALGO 4100 AUXBOX - COMPUTER PERIPHAL DEVIE- COMMUNICATION RELAY - MONITORING AND ALERTING FOR TELEPHONES;67,38;;;;;;;
1108 AH 0034;ALGO 4100 AUXBOX - COMPUTER PERIPHAL DEVIE- COMMUNICATION RELAY - MONITORING AND ALERTING FOR TELEPHONES;67,38;;;;;;;
HD7570 E32-0404931-N41;AMD RADEON VIDEO CARD - COMPUTER PERIPHERAL DEVICE - INTERNAL COMPONENT FOR AUDIO COMMUNICATION USED IN;500;;;;;;;
HD7570 E32-0404931-N41;AMD RADEON VIDEO CARD - COMPUTER PERIPHERAL DEVICE - INTERNAL COMPONENT FOR AUDIO COMMUNICATION USED IN;500;;;;;;;
ICMPP024T2;AMP NET CONNECT - COMPUTER PERIPHERAL DEVICE USED FOR COMMUNICATING AND TRANSMITTING DATA;100;;;;;;;
ICMPP024T2;AMP NET CONNECT - COMPUTER PERIPHERAL DEVICE USED FOR COMMUNICATING AND TRANSMITTING DATA;100;;;;;;;
AR7701;APC BOLT DOWN KIT FOR CABINET;94;;;;;;;
AR7701;APC BOLT DOWN KIT FOR CABINET;94;;;;;;;
AP8930;APC POWER BAR 2A2;400;;;;;;;
AP8930;APC POWER BAR 2A2;400;;;;;;;
90-YAA0Q1-0UAN0BZ1;ASUS - DGX - SOUND CARD - COMPUTER PERIPHERAL DEVICE USED FOR PHYSICAL INCORPORATION INTO COMPUTER FOR A;100;;;;;;;
90-YAA0Q1-0UAN0BZ1;ASUS - DGX - SOUND CARD - COMPUTER PERIPHERAL DEVICE USED FOR PHYSICAL INCORPORATION INTO COMPUTER FOR A;100;;;;;;;
90YV0AL4-M0AA00;ASUS - SOUND CARD - COMPUTER PERIPHERAL DEVICE USED FOR PHYSICAL INCORPORATION INTO COMPUTER FOR A;300;;;;;;;
90YV0AL4-M0AA00;ASUS - SOUND CARD - COMPUTER PERIPHERAL DEVICE USED FOR PHYSICAL INCORPORATION INTO COMPUTER FOR A;300;;;;;;;
VE198N;ASUS 19 INCH MONITOR - COMPUTER PERIPHERAL DEVICE- DISPLAY UNIT- LED MONITOR 19 INCH;170,02;;;;;;;
VE198N;ASUS 19 INCH MONITOR - COMPUTER PERIPHERAL DEVICE- DISPLAY UNIT- LED MONITOR 19 INCH;170,02;;;;;;;
VS228;ASUS 22 INCH MONITOR - COMPUTER PERIPHERAL DEVICE- DISPLAY UNIT- LED MONITOR 22 INCH;250;;;;;;;
VS228;ASUS 22 INCH MONITOR - COMPUTER PERIPHERAL DEVICE- DISPLAY UNIT- LED MONITOR 22 INCH;250;;;;;;;
VE278;ASUS 32 INCH MONITOR - COMPUTER PERIPHERAL DEVICE- DISPLAY UNIT- LED MONITOR 32 INCH;750;;;;;;;
PB328;ASUS 32 INCH MONITOR - COMPUTER PERIPHERAL DEVICE- DISPLAY UNIT- LED MONITOR 32 INCH;1000;;;;;;;
VE278;ASUS 32 INCH MONITOR - COMPUTER PERIPHERAL DEVICE- DISPLAY UNIT- LED MONITOR 32 INCH;750;;;;;;;
PB328;ASUS 32 INCH MONITOR - COMPUTER PERIPHERAL DEVICE- DISPLAY UNIT- LED MONITOR 32 INCH;1000;;;;;;;
VS198N;ASUS MONITOR - COMPUTER PERIPHERAL DEVICE- DISPLAY UNIT- LED MONITOR;170,02;;;;;;;
VS198N;ASUS MONITOR - COMPUTER PERIPHERAL DEVICE- DISPLAY UNIT- LED MONITOR;170,02;;;;;;;
90YA00T0-M0UA00;ASUS SOUND CARD - 73-1 - COMPUTER PERIPHERAL DEVICE - INTERNAL COMPONENT FOR AUDIO COMMUNICATION USED IN;52,24;;;;;;;
90YA00T0-M0UA001;ASUS SOUND CARD - 73-1 - COMPUTER PERIPHERAL DEVICE - INTERNAL COMPONENT FOR AUDIO COMMUNICATION USED IN;52,24;;;;;;;
90YA00T0-M0UA00;ASUS SOUND CARD - 73-1 - COMPUTER PERIPHERAL DEVICE - INTERNAL COMPONENT FOR AUDIO COMMUNICATION USED IN;52,24;;;;;;;
90YA00T0-M0UA001;ASUS SOUND CARD - 73-1 - COMPUTER PERIPHERAL DEVICE - INTERNAL COMPONENT FOR AUDIO COMMUNICATION USED IN;52,24;;;;;;;
90-YAAOBO-OUANOBZ;ASUS SOUND CARD - COMPUTER PERIPHERAL DEVICE USED FOR PHYSICAL INCORPORATION INTO COMPUTER FOR AUDIO OUTP;123,63;;;;;;;
90-YAAOBO-OUANOBZ;ASUS SOUND CARD - COMPUTER PERIPHERAL DEVICE USED FOR PHYSICAL INCORPORATION INTO COMPUTER FOR AUDIO OUTP;123,63;;;;;;;
2248BTR;AUDIO CABLE - 1OFT - MALE TO MALE 3.5MM - AUDIO CABLES FOR SPEAKERS USED IN A 911 CALL CENTER;1,5;;;;;;;
2248BTR;AUDIO CABLE - 1OFT - MALE TO MALE 3.5MM - AUDIO CABLES FOR SPEAKERS USED IN A 911 CALL CENTER;1,5;;;;;;;
GTPM006931;AUDIOCODE MEDIANT CHASS - METAL FRAME WITH POWER SUPPLY AND CONVERTER THAT IS USED FOR TELECOMMUNICATIONS;260;;;;;;;
GTPM006931;AUDIOCODE MEDIANT CHASS - METAL FRAME WITH POWER SUPPLY AND CONVERTER THAT IS USED FOR TELECOMMUNICATIONS;260;;;;;;;
114/4FXS/3AC2;AUDIOCODE MODEM USED FOR CONNECTING GUARDIAN SYSTEM TO COMPUTERS;300;;;;;;;
114/4FXS/3AC2;AUDIOCODE MODEM USED FOR CONNECTING GUARDIAN SYSTEM TO COMPUTERS;300;;;;;;;
GTPM00693;B2213317-2 SR1 (MEDIANT - METAL FRAME WITH POWER SUPPLY AND CONVERTER THAT IS USED FOR TELECOMMUNICATIONS;1255;;;;;;;
GTPM00693;B2213317-2 SR1 (MEDIANT - METAL FRAME WITH POWER SUPPLY AND CONVERTER THAT IS USED FOR TELECOMMUNICATIONS;1255;;;;;;;
GTPM01046;B2213319-1 SR1 MEDIANT1000 4xFXS Module;240;;;;;;;
GTPM01046;B2213319-1 SR1 MEDIANT1000 4xFXS Module;240;;;;;;;
GTPM00125;B2213321-1_SR1- MEDIANT 1000 FXO MODULE;1000;;;;;;;
GTPM00125;B2213321-1_SR1- MEDIANT 1000 FXO MODULE;1000;;;;;;;
114/4FXO/3AC2;B2213354-1 SR1 AUDIOVOX - MODEM USED FOR CONNECTING GUARDIAN SYSTEM TO COMPUTERS;320;;;;;;;
114/4FXO/3AC2;B2213354-1 SR1 AUDIOVOX - MODEM USED FOR CONNECTING GUARDIAN SYSTEM TO COMPUTERS;320;;;;;;;
GGWV00679;B2213355-1 SR1 - P-MGN400-KIT;580;;;;;;;
GGWV00679;B2213355-1 SR1 - P-MGN400-KIT;580;;;;;;;
B3210454-1 SR1;B3210454-1 SR1 - RJ45 PATCH PANEL BOX - COMPUTER PERIPHERAL - INTERNAL COMPONENT FOR TELECOMMUNICATIONS;118,88;;;;;;;
B3210454-1 SR1;B3210454-1 SR1 - RJ45 PATCH PANEL BOX - COMPUTER PERIPHERAL - INTERNAL COMPONENT FOR TELECOMMUNICATIONS;118,88;;;;;;;
B3210455-2 SR1;B3210455-2 SR1 - RJ45 PATCH PANEL CARD - COMPUTER PERIPHERAL DEVICE - INTERNAL COMPONENT FOR TELECOMMUNIC;100,78;;;;;;;
B3210455-2 SR1;B3210455-2 SR1 - RJ45 PATCH PANEL CARD - COMPUTER PERIPHERAL DEVICE - INTERNAL COMPONENT FOR TELECOMMUNIC;100,78;;;;;;;
B3210478-1 00361;B3210478-1 0036 - CABLE ASSEMBLIE CUSTOM MADE FOR CONNECTION T1 I/O CARD TO DATA PROCESSING MACHINE;126,86;;;;;;;
B3210478-1 00361;B3210478-1 0036 - CABLE ASSEMBLIE CUSTOM MADE FOR CONNECTION T1 I/O CARD TO DATA PROCESSING MACHINE;126,86;;;;;;;
P/N 60825-101;B5100005 - PTS Handset with 15ft cord;40;;;;;;;
P/N 60825-101;B5100005 - PTS Handset with 15ft cord;40;;;;;;;
SOLACOM-TRAINING GUARDIAN;BETTY SYSTEM - PORTABLE GUARDIAN SYSTEM USED FOR TRAINING ONLY- SYSTEM IS USED FOR TELECOMMUNICATION FOR;30000;;;;;;;
SOLACOM-TRAINING GUARDIAN;BETTY SYSTEM - PORTABLE GUARDIAN SYSTEM USED FOR TRAINING ONLY- SYSTEM IS USED FOR TELECOMMUNICATION FOR;30000;;;;;;;
3RGN-1;BINDER - 1 INCH, 3 RING BINDER;13;;;;;;;
3RGN-1;BINDER - 1 INCH, 3 RING BINDER;13;;;;;;;
AC7879;BOLTS, NUTS & WAHSRE FOR SERVER CABINET- MADE OF STEEL;26;;;;;;;
AC7879;BOLTS, NUTS & WAHSRE FOR SERVER CABINET- MADE OF STEEL;26;;;;;;;
AC78791;BOLTS, NUTS & WAHSRE FOR SERVER CABINET- MADE OF STEEL, BOX OF 50;26;;;;;;;
AC78791;BOLTS, NUTS & WAHSRE FOR SERVER CABINET- MADE OF STEEL, BOX OF 50;26;;;;;;;
UPS-RL-KIT-SRWS;BOLTS, NUTS, WASHER - MADE OF STEEL -;5;;;;;;;
UPS-RL-KIT-SRWS;BOLTS, NUTS, WASHER - MADE OF STEEL -;5;;;;;;;
HL-L8360CDW;Brother Printer;500;;;;;;;
HL-L8360CDW;Brother Printer;500;;;;;;;
MK120;C213367-1 SR1 USB KEYBOARD & MOUSE COMBO - COMPUTER PERIPHERAL;75;;;;;;;
MK120;C213367-1 SR1 USB KEYBOARD & MOUSE COMBO - COMPUTER PERIPHERAL;75;;;;;;;
SHS-1926;C2213009-SR1 AMPLIFIER, NO PTT SHS;230,48;;;;;;;
SHS-1926;C2213009-SR1 AMPLIFIER, NO PTT SHS;230,48;;;;;;;
GTPM00421;C2213012-2 SR1 - MEDIANT P/S - POWER SUPPLY FOR MEDIANT - AUDIO CARD USED IN 911 TELECOMMUNICATIONS;1260;;;;;;;
GTPM00421;C2213012-2 SR1 - MEDIANT P/S - POWER SUPPLY FOR MEDIANT - AUDIO CARD USED IN 911 TELECOMMUNICATIONS;1260;;;;;;;
APL-22-06F;C2213018-1 SR1 SONICWALL - MODEL TZ210 - SECURE MODEM FOR TRASNMITTING & RECEIVING DATA;600;;;;;;;
APL-22-06F;C2213018-1 SR1 SONICWALL - MODEL TZ210 - SECURE MODEM FOR TRASNMITTING & RECEIVING DATA;600;;;;;;;
1-901369R-AA0;C2213024-1 SR1 IQ1500 CHASSIS - METAL FRAME WITH POWER SUPPLY AND CONVERTER THAT IS USED FOR TELECOMM;4200;;;;;;;
1-901369R-AA0;C2213024-1 SR1 IQ1500 CHASSIS - METAL FRAME WITH POWER SUPPLY AND CONVERTER THAT IS USED FOR TELECOMM;4200;;;;;;;
unyu41-t190ds-sb;C2213041-3 SR1 - 1U 17in Folding LCD USB Console;561,78;;;;;;;
unyu41-t190ds-sb;C2213041-3 SR1 - 1U 17in Folding LCD USB Console;561,78;;;;;;;
ICMPP024T22;C2213045- 2 SR1 RJ45- PATCH PANEL 24 - PROTECTING CIRCUITS;300;;;;;;;
ICMPP024T22;C2213045- 2 SR1 RJ45- PATCH PANEL 24 - PROTECTING CIRCUITS;300;;;;;;;
N6-27-BLK;C2213098-2 SR1- Analog and Digital Line Protectors;150;;;;;;;
N6-27-BLK;C2213098-2 SR1- Analog and Digital Line Protectors;150;;;;;;;
IQ500;C2213124-1 SR1 -IQ 500 CHASSIS - METAL FRAME WITH POWER SUPPLY AND CONVERTER THAT IS USED FOR TELECOM;3000;;;;;;;
IQ500;C2213124-1 SR1 -IQ 500 CHASSIS - METAL FRAME WITH POWER SUPPLY AND CONVERTER THAT IS USED FOR TELECOM;3000;;;;;;;
900VA;C2213150-1 CYBERPOWER- BACK UP POWER FOR GUARDIAN SYSTEM;110;;;;;;;
900VA/UN3480;C2213150-1 CYBERPOWER- BACK UP POWER FOR GUARDIAN SYSTEM;110;;;;;;;
900VA;C2213150-1 CYBERPOWER- BACK UP POWER FOR GUARDIAN SYSTEM;110;;;;;;;
900VA/UN3480;C2213150-1 CYBERPOWER- BACK UP POWER FOR GUARDIAN SYSTEM;110;;;;;;;
CN-00T6R4-PRC00-04G-07KW;C2213164-1-SR1-DELL COMPUTER MOUSE;20;;;;;;;
CN-00T6R4-PRC00-04G-07KW;C2213164-1-SR1-DELL COMPUTER MOUSE;20;;;;;;;
C2213213-3;C2213213-3 SPEAKER EDIFIER;50;;;;;;;
C2213213-3;C2213213-3 SPEAKER EDIFIER;50;;;;;;;
SV431DUSBI;C2213221-1 SR1 - KVM SWITCH - 4 PORT - COMPUTER PERIPHERAL DEVICE - USED FOR COMM BETWEEN COMPUTERS,;400;;;;;;;
SV431DUSBI;C2213221-1 SR1 - KVM SWITCH - 4 PORT - COMPUTER PERIPHERAL DEVICE - USED FOR COMM BETWEEN COMPUTERS,;400;;;;;;;
51320;C2213230-1 SR1 - WALKER PUSH TO TALK HANDSET;58;;;;;;;
51320;C2213230-1 SR1 - WALKER PUSH TO TALK HANDSET;58;;;;;;;
J9624A#ABA;C2213233-1 SR1 - HP SWITCH - 24 PORT - COMPUTER PREIPHERAL DEVICE MADE FOR TRANSMITTING & RECEVEIVING DAT;871,05;;;;;;;
J9624A#ABA;C2213233-1 SR1 - HP SWITCH - 24 PORT - COMPUTER PREIPHERAL DEVICE MADE FOR TRANSMITTING & RECEVEIVING DAT;871,05;;;;;;;
HW710-78712101;C2213236-2 SR1 PLANTRONICS HEADSET - HEADSET WITH TELEPHONE PHONE LINE HANDSET - PUSH TO TALK HANDSET;150;;;;;;;
HW710-78712101;C2213236-2 SR1 PLANTRONICS HEADSET - HEADSET WITH TELEPHONE PHONE LINE HANDSET - PUSH TO TALK HANDSET;150;;;;;;;
PTS-500-NC-1OP4-BLACK-00;C2213240-1 SR1 - WALKER PUSH TO TALK HANDSET;200;;;;;;;
PTS-500-NC-1OP4-BLACK-00;C2213240-1 SR1 - WALKER PUSH TO TALK HANDSET;200;;;;;;;
D6700-0131-4820;C2213242 - 3 MITEL VOIP PHONE POWER SUPPLY UNIVERSAL PLUG-;50;;;;;;;
D6700-0131-4820;C2213242 - 3 MITEL VOIP PHONE POWER SUPPLY UNIVERSAL PLUG-;50;;;;;;;
WS-2960S-24TS-L;C2213261-2 CISCO SWITCH - 2960 - COMPUTER PERIPHERAL DEVICE MADE FOR TRANSMITTING & RECEIVING DATA;4850;;;;;;;
WS-2960S-24TS-L;C2213261-2 CISCO SWITCH - 2960 - COMPUTER PERIPHERAL DEVICE MADE FOR TRANSMITTING & RECEIVING DATA;4850;;;;;;;
FT2910;C2213268-6 SR1- STRATUS SERVER - APP;42000;;;;;;;
FT2910;C2213268-6 SR1- STRATUS SERVER - APP;42000;;;;;;;
6911S;C2213281 ALI MODEM;900;;;;;;;
6911S;C2213281 ALI MODEM;900;;;;;;;
OMN008;C2213283 DELL SOUND BARS - SINGLE LOUDSPEAKER, MOUNTED IN ITS OWN ENCLOSURE;25;;;;;;;
OMN008;C2213283 DELL SOUND BARS - SINGLE LOUDSPEAKER, MOUNTED IN ITS OWN ENCLOSURE;25;;;;;;;
C2213286-1 SR1;C2213286-1 SR1 POWER BAR-APARRATUS FOR PROTECTING ELECRICAL CIRCUITS 50'' LONG WITH 18 OUTLETS.;125;;;;;;;
C2213286-1 SR1;C2213286-1 SR1 POWER BAR-APARRATUS FOR PROTECTING ELECRICAL CIRCUITS 50'' LONG WITH 18 OUTLETS.;125;;;;;;;
U2417H;C2213341-1 DELL ULTRA SHARP;482;;;;;;;
U2424H;C2213341-1 DELL ULTRA SHARP;482;;;;;;;
U2417H;C2213341-1 DELL ULTRA SHARP;482;;;;;;;
U2424H;C2213341-1 DELL ULTRA SHARP;482;;;;;;;
T5820-POS;C2213364-7 3YS+ DELL COMPUTER - COMPUTER SYSTEM;4915;;;;;;;
T5820-POS;C2213364-7 3YS+ DELL COMPUTER - COMPUTER SYSTEM;4915;;;;;;;
7760;C2213452-9 5YS DELL PRECISION LAPTOP - , PORTABLE DATA PROCESSING MACHINE, LAPTOP;1800;;;;;;;
7770 XCTO BASE;C2213452-9 5YS DELL PRECISION LAPTOP - , PORTABLE DATA PROCESSING MACHINE, LAPTOP;1800;;;;;;;
7760;C2213452-9 5YS DELL PRECISION LAPTOP - , PORTABLE DATA PROCESSING MACHINE, LAPTOP;1800;;;;;;;
7770 XCTO BASE;C2213452-9 5YS DELL PRECISION LAPTOP - , PORTABLE DATA PROCESSING MACHINE, LAPTOP;1800;;;;;;;
4030830;C2213490-1 - PERLE;500;;;;;;;
4030830;C2213490-1 - PERLE;500;;;;;;;
40308301;C2213490-1 SR1 - PERLE - MODEM DEVICE USED TO TRASNMIT DATA BETWEEN COMPUTERS & SERVER SYSTEMS;600;;;;;;;
40308301;C2213490-1 SR1 - PERLE - MODEM DEVICE USED TO TRASNMIT DATA BETWEEN COMPUTERS & SERVER SYSTEMS;600;;;;;;;
ABCE1442-11R;C2213491-2 POWERVAR;100;;;;;;;
ABCE1442-11R;C2213491-2 POWERVAR;100;;;;;;;
207799-01;C2213568-3 SR1 PLANTRONIC HEADSET ADAPTERS - HEADSET ADAPTER WITH TELEPHONE LINE HANDSET - PUSH TO TALK;200;;;;;;;
207799-01;C2213568-3 SR1 PLANTRONIC HEADSET ADAPTERS - HEADSET ADAPTER WITH TELEPHONE LINE HANDSET - PUSH TO TALK;200;;;;;;;
UN75RU7100F;C2213577 SAMSUNG LCD;300;;;;;;;
UN75RU7100F;C2213577 SAMSUNG LCD;300;;;;;;;
LT25-B3;C2213578 SANUS;350;;;;;;;
LT25-B3;C2213578 SANUS;350;;;;;;;
R-340 MIS;C2213589-4 3YS+ DELL COMPUTER SERVER -;6500;;;;;;;
R-340 MIS;C2213589-4 3YS+ DELL COMPUTER SERVER -;6500;;;;;;;
WD2005FBYZ;C2213598-1SR1-2 TB HDD HARD DRIVE-COMPUTER PERIPHERAL DEVICE-INTERNAL COMPONENT FOR TELECOM EQUIPMENT;1500;;;;;;;
WD2005FBYZ;C2213598-1SR1-2 TB HDD HARD DRIVE-COMPUTER PERIPHERAL DEVICE-INTERNAL COMPONENT FOR TELECOM EQUIPMENT;1500;;;;;;;
90-YAA0Q1-0UAN0BZ;C2213605-1 CASUS - DGX - SOUND CARD - COMPUTER PERIPHERAL DEVICE;100;;;;;;;
90-YAA0Q1-0UAN0BZ;C2213605-1 CASUS - DGX - SOUND CARD - COMPUTER PERIPHERAL DEVICE;100;;;;;;;
DELL 27;C2213650-2 P-MONITOR 27in AS;250;;;;;;;
DELL 27;C2213650-2 P-MONITOR 27in AS;250;;;;;;;
C2213668;C2213668 - DELL SERVER;6000;;;;;;;
C2213668;C2213668 - DELL SERVER;6000;;;;;;;
PWR-C2-640WDC;C2213672-1_SR1 CISCO SWITCH POWER SUPPLY PWR-C2-640WDC V01;300;;;;;;;
PWR-C2-640WDC;C2213672-1_SR1 CISCO SWITCH POWER SUPPLY PWR-C2-640WDC V01;300;;;;;;;
PDIGTR;C2213718-1 SR1 - Primary BET M66 with 25 pairs;30;;;;;;;
PDIGTR;C2213718-1 SR1 - Primary BET M66 with 25 pairs;30;;;;;;;
CP48-USBHID;C2213732-1 SR1 GENOVATION KEYPAD - COMPUTER PERIPHERAL DEVICE - INPUT, PARTIAL KEYBOARD;60;;;;;;;
CP48-USBHID;C2213732-1 SR1 GENOVATION KEYPAD - COMPUTER PERIPHERAL DEVICE - INPUT, PARTIAL KEYBOARD;60;;;;;;;
J9773A#ABA;C2213737 - HP AURORA;300;;;;;;;
J9773A#ABA;C2213737 - HP AURORA;300;;;;;;;
P24605-25-01;C2213772-3 SR1 FORTIGATE - SECURE MODEM FOR TRASNMITTING & RECEIVING DATA;1100;;;;;;;
P18817-01-04;C2213772-3 SR1 FORTIGATE - SECURE MODEM FOR TRASNMITTING & RECEIVING DATA;600;;;;;;;
P24605-25-01;C2213772-3 SR1 FORTIGATE - SECURE MODEM FOR TRASNMITTING & RECEIVING DATA;1100;;;;;;;
P18817-01-04;C2213772-3 SR1 FORTIGATE - SECURE MODEM FOR TRASNMITTING & RECEIVING DATA;600;;;;;;;
DP720;C2213781- VOICE OVER INTERNET PHONE;200;;;;;;;
DP720;C2213781- VOICE OVER INTERNET PHONE;200;;;;;;;
DP750;C2213782 - VoIP GW MODEM;200;;;;;;;
DP750;C2213782 - VoIP GW MODEM;200;;;;;;;
54651184633;C2213789-1 SR1 - CREATIVE SOUND BLSATER - COMPUTER PERHERAL - INTERNAL COMPONENT;50;;;;;;;
54651184633;C2213789-1 SR1 - CREATIVE SOUND BLSATER - COMPUTER PERHERAL - INTERNAL COMPONENT;50;;;;;;;
T5820-APP;C2213794-7 DELL COMPUTER - MODEL T5820 - COMPUTER SYSTEM;1300;;;;;;;
T5820-APP;C2213794-7 DELL COMPUTER - MODEL T5820 - COMPUTER SYSTEM;1300;;;;;;;
Brother;C2213811-1 SR1 -- Network BROTHER laser color printer;250;;;;;;;
Brother;C2213811-1 SR1 -- Network BROTHER laser color printer;250;;;;;;;
CS521 -42C0060;C2213811-2 SR1 -- Network LEXMARK laser color printer;250;;;;;;;
CS521 -42C0060;C2213811-2 SR1 -- Network LEXMARK laser color printer;250;;;;;;;
ST1000DX002;C2213812-1 SR1 1TB HARD DRIVE - COMPUTER PERIPHERAL DEVICE - INTERNAL COMPONENT - STORAGE DEVICE;1000;;;;;;;
ST1000DX002;C2213812-1 SR1 1TB HARD DRIVE - COMPUTER PERIPHERAL DEVICE - INTERNAL COMPONENT - STORAGE DEVICE;1000;;;;;;;
90YA00T0-M0UA002;C2213817-ASUS-SOUND CARD-XONAR SE-PERIPHERAL DEVICE USED FOR PHYSICAL INCORPORATION INTO COMPUTER FOR A;65;;;;;;;
90YA00T0-M0UA002;C2213817-ASUS-SOUND CARD-XONAR SE-PERIPHERAL DEVICE USED FOR PHYSICAL INCORPORATION INTO COMPUTER FOR A;65;;;;;;;
C221382-1 3YS+ HP CTO 400GB SFF 2.5;C221382-1 3YS+ HP CTO 400GB SFF 2.5'' HDD;2000;;;;;;;
C221382-1 3YS+ HP CTO 400GB SFF 2.5;C221382-1 3YS+ HP CTO 400GB SFF 2.5'' HDD;2000;;;;;;;
2040I;C2213820-1 SR1 - DAMOCLES - 2040I - MODEM USED WITH DATA PROCESSING MACHINES;420;;;;;;;
2404;C2213820-1 SR1 - DAMOCLES - 2040I - MODEM USED WITH DATA PROCESSING MACHINES;420;;;;;;;
2040I;C2213820-1 SR1 - DAMOCLES - 2040I - MODEM USED WITH DATA PROCESSING MACHINES;420;;;;;;;
2404;C2213820-1 SR1 - DAMOCLES - 2040I - MODEM USED WITH DATA PROCESSING MACHINES;420;;;;;;;
DGS-3130-30TS;C2213843-1 D-LINK SWITCH MADE FOR TRANSMITING DATA - C2213843-1 SR1;350;;;;;;;
DGS-3130-30TS;C2213843-1 D-LINK SWITCH MADE FOR TRANSMITING DATA - C2213843-1 SR1;350;;;;;;;
KCEP426NS8/8;C2213873-1 8GB ECC RAM - COMPUTER PERIPHERAL DEVICE - INTERNAL COMPONENT - COMPUTER MEMORY - RAM;50;;;;;;;
KCEP426NS8/8;C2213873-1 8GB ECC RAM - COMPUTER PERIPHERAL DEVICE - INTERNAL COMPONENT - COMPUTER MEMORY - RAM;50;;;;;;;
N5-27-TBK-02;C2213874-1 SR1 - 66 TYPE M2 25 pr block 12RJ-11 1RJ-21;150;;;;;;;
N5-27-TBK-02;C2213874-1 SR1 - 66 TYPE M2 25 pr block 12RJ-11 1RJ-21;150;;;;;;;
DTK-S130A E163310 5N47;C2213889-1 SR1- Analog and Digital Line Protectors;150;;;;;;;
DTK-S130A E163310 5N47;C2213889-1 SR1- Analog and Digital Line Protectors;150;;;;;;;
C9200L-24T -4G-E;C2213895-1 SR1 CISCO SWITCH - - COMPUTER PERIPHERAL DEVICE MADE FOR TRANSMITTING & RECEIVING DATA;780;;;;;;;
C9200L-24T -4G-E;C2213895-1 SR1 CISCO SWITCH - - COMPUTER PERIPHERAL DEVICE MADE FOR TRANSMITTING & RECEIVING DATA;780;;;;;;;
J9779A;C2213927-1 SR1 ARUBA 6000-24G POE R8N87A managed switc;450;;;;;;;
J9779A;C2213927-1 SR1 ARUBA 6000-24G POE R8N87A managed switc;450;;;;;;;
MQ01ACF050;C2213935-1 SR1 - TOSHIBA - 500G HARDRIVE FOR COMPUTER;150;;;;;;;
MQ01ACF050;C2213935-1 SR1 - TOSHIBA - 500G HARDRIVE FOR COMPUTER;150;;;;;;;
VXCTO PK;C2213984-1 P-ENH POS-5YS+;1635;;;;;;;
VXCTO PK;C2213984-1 P-ENH POS-5YS+;1635;;;;;;;
SR1;C3210052 P-PAC - COMPUTER PERIPHERAL DEVICE- AUDIO COMMUNICATION DEVICE , SOFTWARE BUILT IN;1000;;;;;;;
SR1;C3210052 P-PAC - COMPUTER PERIPHERAL DEVICE- AUDIO COMMUNICATION DEVICE , SOFTWARE BUILT IN;1000;;;;;;;
C3210052-36 SR1;C3210052-36 SR1 - P-PAC II - Position Audio Controller II w Jack Box;1000;;;;;;;
C3210052-36 SR1;C3210052-36 SR1 - P-PAC II - Position Audio Controller II w Jack Box;1000;;;;;;;
C3210053-1 SR1;C3210053 - P-SUPV_JACK;367;;;;;;;
C3210053-1 SR1;C3210053 - P-SUPV_JACK;367;;;;;;;
LD VoIP Card for APP Server PCIe Sl;C3210074-5 P-VOIPPCIE;6246;;;;;;;
LD VoIP Card for APP Server PCIe Sl;C3210074-5 P-VOIPPCIE;6246;;;;;;;
C1608A -TE20A0503F01;C3213215-1 SR1-POWER SUPPLY 5V 3A;100;;;;;;;
C1608A -TE20A0503F01;C3213215-1 SR1-POWER SUPPLY 5V 3A;100;;;;;;;
2625QC/QCe;C5090007-1 SR1 - TELEPHONE LINE PROTECTOR GROUNDING SYSTEM - DATA LINE PROTECTORS;250;;;;;;;
2625QC/QCe;C5090007-1 SR1 - TELEPHONE LINE PROTECTOR GROUNDING SYSTEM - DATA LINE PROTECTORS;250;;;;;;;
AW-B50104-15;CABLE - INSULATED WIRE FOR TELECOMMUNICATION DEVICE - FOR 911 CALL CENTER SERVER SYSTEM;200;;;;;;;
AW-B50104-15;CABLE - INSULATED WIRE FOR TELECOMMUNICATION DEVICE - FOR 911 CALL CENTER SERVER SYSTEM;200;;;;;;;
DP-VGA;CABLE ASEMBLIES - DB9 TO RJ 45 ADAPTER, CABLE ASSEMBLY ADAPTER FOR CONNETING ETHERNET CABLE TO SERVER SYS;200;;;;;;;
DP-VGA;CABLE ASEMBLIES - DB9 TO RJ 45 ADAPTER, CABLE ASSEMBLY ADAPTER FOR CONNETING ETHERNET CABLE TO SERVER SYS;200;;;;;;;
SVUSBVGA12;CABLE ASEMBLIES - KVM CABLE;200;;;;;;;
SVUSBVGA12;CABLE ASEMBLIES - KVM CABLE;200;;;;;;;
C3210034-2 0009;CABLE ASSEMBLIES;200;;;;;;;
C3210034-2 0009;CABLE ASSEMBLIES;200;;;;;;;
B3210113-2 0120;CABLE ASSEMBLIES - CABLE USED TO CONNECT JACKBOX TO RADIO DISPATCH CENTER AT 911 CALL CENTER FOR SUPERVI;80;;;;;;;
B3210113-2 0120;CABLE ASSEMBLIES - CABLE USED TO CONNECT JACKBOX TO RADIO DISPATCH CENTER AT 911 CALL CENTER FOR SUPERVI;80;;;;;;;
SVUSBVGA6;CABLE ASSEMBLIES - KVM CABLE;10;;;;;;;
SVUSBVGA6;CABLE ASSEMBLIES - KVM CABLE;10;;;;;;;
C2213055-1 0120;CABLE ASSEMBLIES - POWER;100;;;;;;;
C2213055-1 0120;CABLE ASSEMBLIES - POWER;100;;;;;;;
B3210478-1 0036;CABLE ASSEMBLIES - SCSI TO SCSI T1/E1 PATCH PANEL ASSEMBLY CABLE;5,32;;;;;;;
B3210478-1 0036;CABLE ASSEMBLIES - SCSI TO SCSI T1/E1 PATCH PANEL ASSEMBLY CABLE;5,32;;;;;;;
C2213216-1 SR1;CABLE ASSEMBLIES - USB;25;;;;;;;
C2213216-1 SR1;CABLE ASSEMBLIES - USB;25;;;;;;;
C3210015-1 0060;CABLE ASSEMBLIES CAT6 SH. BLUE ETHER;50;;;;;;;
C3210015-1 0060;CABLE ASSEMBLIES CAT6 SH. BLUE ETHER;50;;;;;;;
C2213692-1 0012;CABLE ASSEMBLIES CAT6 SH. GREY ETHER;50;;;;;;;
C2213692-1 0012;CABLE ASSEMBLIES CAT6 SH. GREY ETHER;50;;;;;;;
B3210174-1 0036;CABLE ASSEMBLIES GROUNDING;15;;;;;;;
B3210174-1 0036;CABLE ASSEMBLIES GROUNDING;15;;;;;;;
C3210016-1 0084;CABLE ASSMBLIES;23;;;;;;;
C3210016-1 0084;CABLE ASSMBLIES;23;;;;;;;
1096-2;CD WITH SOFTWARE UPGRADE;2;;;;;;;
1096-2;CD WITH SOFTWARE UPGRADE;2;;;;;;;
C2213721-1 SR1;CISCO 1G SFP SMF X-ceiver MODULE;1000;;;;;;;
C2213721-1 SR1;CISCO 1G SFP SMF X-ceiver MODULE;1000;;;;;;;
C9200L-48P-4G-E;Cisco C9200L 48Gb PoE+ w/ AS Cord;5905,669;;;;;;;
C9200L-48P-4G-E;Cisco C9200L 48Gb PoE+ w/ AS Cord;5905,669;;;;;;;
C5010045-2-2;CISCO EXTENSION - BRAKETS;300;;;;;;;
C5010045-2-2;CISCO EXTENSION - BRAKETS;300;;;;;;;
NIM-2GE-CU-SFP=;CISCO NIM MODULE;1000;;;;;;;
NIM-2GE-CU-SFP=;CISCO NIM MODULE;1000;;;;;;;
1921/K9;CISCO ROUTER - 1921/K9;1250;;;;;;;
ISR4321/J9;CISCO ROUTER - 1921/K9;2191;;;;;;;
1921/K9;CISCO ROUTER - 1921/K9;1250;;;;;;;
ISR4321/J9;CISCO ROUTER - 1921/K9;2191;;;;;;;
ISR4321/K9;CISCO ROUTER - DEVICE MADE FOR TRASNMITING AND RECEIVING DATA;3000;;;;;;;
ISR4321/K9;CISCO ROUTER - DEVICE MADE FOR TRASNMITING AND RECEIVING DATA;3000;;;;;;;
NIM-1GE-CU-SFP=;CISCO SWITCH -;1100;;;;;;;
NIM-1GE-CU-SFP=;CISCO SWITCH -;1100;;;;;;;
3650-48TS;CISCO SWITCH - 3650 - COMPUTER PERIPHERAL DEVICE MADE FOR TRANSMITTING & RECEIVING DATA;5000;;;;;;;
3650-48TS;CISCO SWITCH - 3650 - COMPUTER PERIPHERAL DEVICE MADE FOR TRANSMITTING & RECEIVING DATA;5000;;;;;;;
1319B02292;CLEAR BOX - COMPUTER SYSTEM - RACK MOUNTABLE;1200;;;;;;;
1319B02292;CLEAR BOX - COMPUTER SYSTEM - RACK MOUNTABLE;1200;;;;;;;
313;CLEARBOX - MODEL 313 - COMPUTER PERIPHERAL DEVICE USED FOR TRASNMITTING & RECEIVING DATA WITHIN A DATA CE;1500;;;;;;;
313;CLEARBOX - MODEL 313 - COMPUTER PERIPHERAL DEVICE USED FOR TRASNMITTING & RECEIVING DATA WITHIN A DATA CE;1500;;;;;;;
Conferenc Tablecloths;Conferenc Tablecloths;70;;;;;;;
Conferenc Tablecloths;Conferenc Tablecloths;70;;;;;;;
06MF167500006;CREATIVE Speackers-A50;40;;;;;;;
06MF167500006;CREATIVE Speackers-A50;40;;;;;;;
C3210046;CUSTOM CABLE - CABLE BUILKT TO CONNECT TO MODEM AND ALGO 4100 BOX - RADIO CABLE;1714,74;;;;;;;
C3210046;CUSTOM CABLE - CABLE BUILKT TO CONNECT TO MODEM AND ALGO 4100 BOX - RADIO CABLE;1714,74;;;;;;;
C3210047;CUSTOM CABLE - CABLE BUILT FOR MODEM TO ALGO SYSTEM - RADIO CABLE;1714,74;;;;;;;
C3210047;CUSTOM CABLE - CABLE BUILT FOR MODEM TO ALGO SYSTEM - RADIO CABLE;1714,74;;;;;;;
PR2200-2U;CYBERPOWER - RACKABLE UPS - BACK UP POWER FOR GUARDIAN SYSTEM;580,05;;;;;;;
PR2200-2U;CYBERPOWER - RACKABLE UPS - BACK UP POWER FOR GUARDIAN SYSTEM;580,05;;;;;;;
DEM-310GT;D-LINK -C2213691-1 SR1;40;;;;;;;
DEM-310GT;D-LINK -C2213691-1 SR1;40;;;;;;;
DGS-1210-10P;D-LINK SWITCH MADE FOR TRANSMITING DATA -;292,99;;;;;;;
DGS-1210-10P;D-LINK SWITCH MADE FOR TRANSMITING DATA -;292,99;;;;;;;
DES-3200-28P;D-LINK SWITCH MADE FOR TRANSMITING DATA - B2213239-1 SR1;673,99;;;;;;;
DES-3200-28P;D-LINK SWITCH MADE FOR TRANSMITING DATA - B2213239-1 SR1;673,99;;;;;;;
DGS-3120-24TC;D-LINK SWITCH MADE FOR TRANSMITING DATA - B2213339-1 SR1;850;;;;;;;
DGS-3120-24TC;D-LINK SWITCH MADE FOR TRANSMITING DATA - B2213339-1 SR1;850;;;;;;;
IES3028PA....A2G;D-LINK SWITCH MADE FOR TRANSMITING DATA - C2213174-1 SR1;535,97;;;;;;;
IES3028PA....A2G;D-LINK SWITCH MADE FOR TRANSMITING DATA - C2213174-1 SR1;535,97;;;;;;;
DGS-3120-24TC/ASI;D-LINK SWITCH MADE FOR TRANSMITING DATA - C2213339-1 SR1;350;;;;;;;
DGS-3120-24TC/ASI;D-LINK SWITCH MADE FOR TRANSMITING DATA - C2213339-1 SR1;350;;;;;;;
IES302A....A26;D-LINK SWITCH MADE FOR TRANSMITING DATA - C2213403-1 SR1;292,99;;;;;;;
IES302A....A26;D-LINK SWITCH MADE FOR TRANSMITING DATA - C2213403-1 SR1;292,99;;;;;;;
C3210065-1 SR1;DB9 ADAPTER - CABLE ASSEMBLIES ADAPTER;5,32;;;;;;;
C3210065-1 SR1;DB9 ADAPTER - CABLE ASSEMBLIES ADAPTER;5,32;;;;;;;
84-202-0;DB9 EXTRACTOR - HAND TOOL MADE TO INSERT & EXTRACT WIRES FROM INTERNAL COMPONENTS;10;;;;;;;
84-202-0;DB9 EXTRACTOR - HAND TOOL MADE TO INSERT & EXTRACT WIRES FROM INTERNAL COMPONENTS;10;;;;;;;
B2213424-2;DB9 PATCH PANEL - Metall rail - rail made to support cables for servers;25;;;;;;;
B2213424-2;DB9 PATCH PANEL - Metall rail - rail made to support cables for servers;25;;;;;;;
0HNWHH;DELL 1TB HARD DRIVE C2213825-1 _SR1 - COMPUTER PERIPHERAL DEVICE - INTERNAL COMPONENT - STORAGE DEVICE;1000;;;;;;;
POU2923;DELL 1TB HARD DRIVE C2213825-1 _SR1 - COMPUTER PERIPHERAL DEVICE - INTERNAL COMPONENT - STORAGE DEVICE;1000;;;;;;;
0HNWHH;DELL 1TB HARD DRIVE C2213825-1 _SR1 - COMPUTER PERIPHERAL DEVICE - INTERNAL COMPONENT - STORAGE DEVICE;1000;;;;;;;
POU2923;DELL 1TB HARD DRIVE C2213825-1 _SR1 - COMPUTER PERIPHERAL DEVICE - INTERNAL COMPONENT - STORAGE DEVICE;1000;;;;;;;
E1911;DELL 24 - COMPUTER PERIPHERAL DEVICE - DISPLAY UNIT - 24 INCH;375;;;;;;;
E1911;DELL 24 - COMPUTER PERIPHERAL DEVICE - DISPLAY UNIT - 24 INCH;375;;;;;;;
1UT230-1502;DELL 300 GB HARD DRIVE - COMPUTER PERIPHERAL DEVICE - INTERNAL COMPONENT - STORAGE DEVICE;1000;;;;;;;
1UT230-1502;DELL 300 GB HARD DRIVE - COMPUTER PERIPHERAL DEVICE - INTERNAL COMPONENT - STORAGE DEVICE;1000;;;;;;;
1UT230-150;DELL 500 GB HARD DRIVE - COMPUTER PERIPHERAL DEVICE - INTERNAL COMPONENT - STORAGE DEVICE;1000;;;;;;;
1UT230-150;DELL 500 GB HARD DRIVE - COMPUTER PERIPHERAL DEVICE - INTERNAL COMPONENT - STORAGE DEVICE;1000;;;;;;;
1UU230-150;DELL 600 GB HARD DRIVE - COMPUTER PERIPHERAL DEVICE - INTERNAL COMPONENT - STORAGE DEVICE;600;;;;;;;
1UU230-150;DELL 600 GB HARD DRIVE - COMPUTER PERIPHERAL DEVICE - INTERNAL COMPONENT - STORAGE DEVICE;600;;;;;;;
OPTIPLEX 3080;DELL COMPUTER - MODEL CMPDUA01 - COMPUTER SYSTEM;1120;;;;;;;
OPTIPLEX1;DELL COMPUTER - MODEL CMPDUA01 - COMPUTER SYSTEM;1120;;;;;;;
OPTIPLEX2;DELL COMPUTER - MODEL CMPDUA01 - COMPUTER SYSTEM;1120;;;;;;;
OPTIPLEX 3040;DELL COMPUTER - MODEL CMPDUA01 - COMPUTER SYSTEM;1200;;;;;;;
OPTIPLEX 3020;DELL COMPUTER - MODEL CMPDUA01 - COMPUTER SYSTEM;1600;;;;;;;
OPTIPLEX 3090;DELL COMPUTER - MODEL CMPDUA01 - COMPUTER SYSTEM;1120;;;;;;;
OPTIPLEX XE4 SFF - C3213001;DELL COMPUTER - MODEL CMPDUA01 - COMPUTER SYSTEM;1290;;;;;;;
OPTIPLEX 3080;DELL COMPUTER - MODEL CMPDUA01 - COMPUTER SYSTEM;1120;;;;;;;
OPTIPLEX1;DELL COMPUTER - MODEL CMPDUA01 - COMPUTER SYSTEM;1120;;;;;;;
OPTIPLEX2;DELL COMPUTER - MODEL CMPDUA01 - COMPUTER SYSTEM;1120;;;;;;;
OPTIPLEX 3040;DELL COMPUTER - MODEL CMPDUA01 - COMPUTER SYSTEM;1200;;;;;;;
OPTIPLEX 3020;DELL COMPUTER - MODEL CMPDUA01 - COMPUTER SYSTEM;1600;;;;;;;
OPTIPLEX 3090;DELL COMPUTER - MODEL CMPDUA01 - COMPUTER SYSTEM;1120;;;;;;;
OPTIPLEX XE4 SFF - C3213001;DELL COMPUTER - MODEL CMPDUA01 - COMPUTER SYSTEM;1290;;;;;;;
JSD21;DELL COMPUTER - MODEL T3600 - COMPUTER SYSTEM;2500;;;;;;;
JSD21;DELL COMPUTER - MODEL T3600 - COMPUTER SYSTEM;2500;;;;;;;
JSD2;DELL COMPUTER - MODEL T5810 - COMPUTER SYSTEM;2800;;;;;;;
JSD2;DELL COMPUTER - MODEL T5810 - COMPUTER SYSTEM;2800;;;;;;;
BBQ7V52;DELL COMPUTER -OPTIPLEX - COMPUTER SYSTEM;800;;;;;;;
BBQ7V52;DELL COMPUTER -OPTIPLEX - COMPUTER SYSTEM;800;;;;;;;
L302-FS3-PA-06;DELL COMPUTER -OPTIPLEX 790 - COMPUTER SYSTEM;800;;;;;;;
L302-FS3-PA-06;DELL COMPUTER -OPTIPLEX 790 - COMPUTER SYSTEM;800;;;;;;;
CN-06WMNO-PRC00-05F-01T6;DELL COMPUTER KEYBOARD;25;;;;;;;
CN-06WMNO-PRC00-05F-01T6;DELL COMPUTER KEYBOARD;25;;;;;;;
DELL-500GB;DELL COMPUTER SERVER HARD DRIVE - INTERNAL COMPONE TO OF SERVER FOR TELECOM SYSTEM;500;;;;;;;
DELL-500GB;DELL COMPUTER SERVER HARD DRIVE - INTERNAL COMPONE TO OF SERVER FOR TELECOM SYSTEM;500;;;;;;;
D9SK7M1;DELL COMPUTER SYSTEM;1500;;;;;;;
D9SK7M1;DELL COMPUTER SYSTEM;1500;;;;;;;
T3500;DELL COMPUTER T3500 - MODEL D CSM1F- COMPUTER SYSTEM;1498,5;;;;;;;
T3500;DELL COMPUTER T3500 - MODEL D CSM1F- COMPUTER SYSTEM;1498,5;;;;;;;
028NDH;DELL DOCKING STATION - DOCKING STATION FOR PORTABLE DATA PROCESSING MACHINE;545;;;;;;;
VT4000;DELL DOCKING STATION - DOCKING STATION FOR PORTABLE DATA PROCESSING MACHINE;545;;;;;;;
028NDH;DELL DOCKING STATION - DOCKING STATION FOR PORTABLE DATA PROCESSING MACHINE;545;;;;;;;
VT4000;DELL DOCKING STATION - DOCKING STATION FOR PORTABLE DATA PROCESSING MACHINE;545;;;;;;;
1UT230-1501;DELL HARD DRIVE - COMPUTER PERIPHERAL DEVICE - METAL FRAME TRAY STORAGE DEVICE;100;;;;;;;
1UT230-1501;DELL HARD DRIVE - COMPUTER PERIPHERAL DEVICE - METAL FRAME TRAY STORAGE DEVICE;100;;;;;;;
KM7120W-GY-US;DELL KEBOARD AND MOUSE;250;;;;;;;
KM7120W-GY-US;DELL KEBOARD AND MOUSE;250;;;;;;;
CN-06WMN0-73826-74E-09IW;DELL KEYBOARD;50;;;;;;;
CN-06WMN0-73826-74E-09IW;DELL KEYBOARD;50;;;;;;;
1,55E+09;DELL LAPTOP - XPS PROCESSING MACHINE, LAPTOP;1800;;;;;;;
1,55E+09;DELL LAPTOP - XPS PROCESSING MACHINE, LAPTOP;1800;;;;;;;
E6250;DELL LATITUDE LAPTOP - , PORTABLE DATA PROCESSING MACHINE, LAPTOP;1800;;;;;;;
5580;DELL LATITUDE LAPTOP - , PORTABLE DATA PROCESSING MACHINE, LAPTOP;1800;;;;;;;
5520;DELL LATITUDE LAPTOP - , PORTABLE DATA PROCESSING MACHINE, LAPTOP;1800;;;;;;;
E6250;DELL LATITUDE LAPTOP - , PORTABLE DATA PROCESSING MACHINE, LAPTOP;1800;;;;;;;
5580;DELL LATITUDE LAPTOP - , PORTABLE DATA PROCESSING MACHINE, LAPTOP;1800;;;;;;;
5520;DELL LATITUDE LAPTOP - , PORTABLE DATA PROCESSING MACHINE, LAPTOP;1800;;;;;;;
P2319H;DELL Monitor Regular screen;250;;;;;;;
P2319H;DELL Monitor Regular screen;250;;;;;;;
P2418HT;DELL Monitor Touch screen;310;;;;;;;
P2418HT;DELL Monitor Touch screen;310;;;;;;;
0R7CW8;DELL POWER COMPANION - POWER SUPPLY FOR LAPTOP & OTHER OFFICE DEVICES;185;;;;;;;
0R7CW8;DELL POWER COMPANION - POWER SUPPLY FOR LAPTOP & OTHER OFFICE DEVICES;185;;;;;;;
FG3;DELL PRECISION LAPTOP;1800;;;;;;;
FG3;DELL PRECISION LAPTOP;1800;;;;;;;
FG31;DELL PRECISION LAPTOP-7750;1800;;;;;;;
FG31;DELL PRECISION LAPTOP-7750;1800;;;;;;;
AX2101;DELL SPEAKER BAR - SINGLE LOUDSPEAKER MOUNTED IN THEIR ENCLOSURE. BAR IS MADE TO BE MOUNTED ON A DELL COM;39;;;;;;;
AX2101;DELL SPEAKER BAR - SINGLE LOUDSPEAKER MOUNTED IN THEIR ENCLOSURE. BAR IS MADE TO BE MOUNTED ON A DELL COM;39;;;;;;;
48VGTY1;DELL VOSTRO E6530 LAPTOP- PORTABLE DATA PROCESSING MACHINE WITH INTERNAL DRIVES;1000;;;;;;;
48VGTY1;DELL VOSTRO E6530 LAPTOP- PORTABLE DATA PROCESSING MACHINE WITH INTERNAL DRIVES;1000;;;;;;;
XPS;DELL XPS LAPTOP - , PORTABLE DATA PROCESSING MACHINE, LAPTOP;2500;;;;;;;
XPS;DELL XPS LAPTOP - , PORTABLE DATA PROCESSING MACHINE, LAPTOP;2500;;;;;;;
DX550;DLP PROJECTOR - PROJECT MADE TO WORK WITH COMPUTER SYSTEM;1000;;;;;;;
DX550;DLP PROJECTOR - PROJECT MADE TO WORK WITH COMPUTER SYSTEM;1000;;;;;;;
NG911-PRICE;DOCUMENTS - PRICE PROPOSAL BID : PRINTED IN SINGLE SHEET FORM;15;;;;;;;
NG911-PRICE;DOCUMENTS - PRICE PROPOSAL BID : PRINTED IN SINGLE SHEET FORM;15;;;;;;;
NG911-TECHNICAL;DOCUMENTS - TECHNICAL BID PROPOSAL - PRINTED IN SIGNLE SHEET FORM;50;;;;;;;
NG911-TECHNICAL;DOCUMENTS - TECHNICAL BID PROPOSAL - PRINTED IN SIGNLE SHEET FORM;50;;;;;;;
913-0000001-001;DROBO 800 - COMPUTER PERIPHERAL DEVICE MADE FOR TRANSMITTING 7 RECEIVING DATA, RCEVERY UNIT FOR A SERVER;1200;;;;;;;
913-0000001-001;DROBO 800 - COMPUTER PERIPHERAL DEVICE MADE FOR TRANSMITTING 7 RECEIVING DATA, RCEVERY UNIT FOR A SERVER;1200;;;;;;;
AASTRA 6757I2;DS - AASTRA PHONE - VOICE OVER INTERNET PHONE;300;;;;;;;
AASTRA 6757I2;DS - AASTRA PHONE - VOICE OVER INTERNET PHONE;300;;;;;;;
HJ832L;DS - APC POWER BAR - COMPUTER PERIPHERAL DEVICE USED TO CNNECT THE COMPUTER SYSTEM TO ITS SOURCE OF POWE;20;;;;;;;
HJ832L;DS - APC POWER BAR - COMPUTER PERIPHERAL DEVICE USED TO CNNECT THE COMPUTER SYSTEM TO ITS SOURCE OF POWE;20;;;;;;;
114/4FXS/3AC1;DS - AUDIOVOX - MODEM USED FOR CONNECTING GUARDIAN SYSTEM TO COMPUTERS;600;;;;;;;
114/4FXS/3AC1;DS - AUDIOVOX - MODEM USED FOR CONNECTING GUARDIAN SYSTEM TO COMPUTERS;600;;;;;;;
T110;DS - DELL COMPUTER - T110 - COMPUTER SYSTEM;2500;;;;;;;
T110;DS - DELL COMPUTER - T110 - COMPUTER SYSTEM;2500;;;;;;;
JSD22;DS - DELL COMPUTER - T3500 - COMPUTER SYSTEM;2200;;;;;;;
JSD22;DS - DELL COMPUTER - T3500 - COMPUTER SYSTEM;2200;;;;;;;
JSD23;DS - DELL COMPUTER - T3600 - COMPUTER SYSTEM;1800;;;;;;;
JSD23;DS - DELL COMPUTER - T3600 - COMPUTER SYSTEM;1800;;;;;;;
T1101;DS - DELL COMPUTER SYSTEM;1500;;;;;;;
T1101;DS - DELL COMPUTER SYSTEM;1500;;;;;;;
TIA/EIA - 5684;DS - ETHERNET CABLE - 10FT;5;;;;;;;
TIA/EIA - 5684;DS - ETHERNET CABLE - 10FT;5;;;;;;;
NODE 2U;DS - IQ CHASSIS 1000 - METAL FRAME WITH POWER SUPPLY & CONVERTER FOR TELECOMMUNICATION PURPOSSES;4200;;;;;;;
NODE 2U;DS - IQ CHASSIS 1000 - METAL FRAME WITH POWER SUPPLY & CONVERTER FOR TELECOMMUNICATION PURPOSSES;4200;;;;;;;
ZTX1W;DS - IRR KEY - COMPUTER PERIPHERAL DEVICE - DATA DEVICE INCORPORATED TO GO INTO A DATA PROCESSING MACHINE;15;;;;;;;
ZTX1W;DS - IRR KEY - COMPUTER PERIPHERAL DEVICE - DATA DEVICE INCORPORATED TO GO INTO A DATA PROCESSING MACHINE;15;;;;;;;
V3210452-1;DS - KAPAREL MODEM - COMPUTER PERIPHERAL DEVICE - COMMUNICATING BETWEEN COMPUTERS CONNECTED TO SOLACOM PR;400;;;;;;;
V3210452-1;DS - KAPAREL MODEM - COMPUTER PERIPHERAL DEVICE - COMMUNICATING BETWEEN COMPUTERS CONNECTED TO SOLACOM PR;400;;;;;;;
V20;DS - LOGITECH SPEAKERS - MULTIPLE LOUD SPEAKERS MOPUNTED IN THEIR ENCLOSURES;60;;;;;;;
V20;DS - LOGITECH SPEAKERS - MULTIPLE LOUD SPEAKERS MOPUNTED IN THEIR ENCLOSURES;60;;;;;;;
65101 V4;DS - NETGEAR SWITC- COMPUTER PERIPHERAL DEVICE - COMMUNICATING BETWEEN COMPUTERS CONNECTED TO SOLACOM PR;400;;;;;;;
65101 V4;DS - NETGEAR SWITC- COMPUTER PERIPHERAL DEVICE - COMMUNICATING BETWEEN COMPUTERS CONNECTED TO SOLACOM PR;400;;;;;;;
P/N P-PAC-II1;DS - P-PAC 2- COMPUTER PERIPHERAL DEVICE- AUDIO COMMUNICATION DEVICE WITH CABLES, SOFTWARE BUILT IN AND;800;;;;;;;
P/N P-PAC-II1;DS - P-PAC 2- COMPUTER PERIPHERAL DEVICE- AUDIO COMMUNICATION DEVICE WITH CABLES, SOFTWARE BUILT IN AND;800;;;;;;;
SHS1890-102;DS - PLANTRONICS PLUG & PRONG ADAPTER - HEADSET WITH TELEPHONE LINE HANDSET - PUSH TO TALK HANDSET;200;;;;;;;
SHS1890-102;DS - PLANTRONICS PLUG & PRONG ADAPTER - HEADSET WITH TELEPHONE LINE HANDSET - PUSH TO TALK HANDSET;200;;;;;;;
SYNCHMASTER S23B3501;DS - SAMSUNG 23 MONITOR - COMPUTER PERIPHERAL DEVICE - DISPLAY UNIT - 23 INCHES;200;;;;;;;
SYNCHMASTER S23B350;DS - SAMSUNG 23 MONITOR - COMPUTER PERIPHERAL DEVICE - DISPLAY UNIT - 23 INCHES;200;;;;;;;
SYNCHMASTER S23B3501;DS - SAMSUNG 23 MONITOR - COMPUTER PERIPHERAL DEVICE - DISPLAY UNIT - 23 INCHES;200;;;;;;;
SYNCHMASTER S23B350;DS - SAMSUNG 23 MONITOR - COMPUTER PERIPHERAL DEVICE - DISPLAY UNIT - 23 INCHES;200;;;;;;;
SD590;DS - SAMSUNG 23 MONITOR - COMPUTER PERIPHERAL DEVICE - DISPLAY UNIT - 27 INCHES;350;;;;;;;
SD590;DS - SAMSUNG 23 MONITOR - COMPUTER PERIPHERAL DEVICE - DISPLAY UNIT - 27 INCHES;350;;;;;;;
LED-TOWER;DS - SIGNAL GUYS LED LIGHT TOWER - LECTRICAL SIGNALLING DEVICE USED IN 911 CALL CENTER;255;;;;;;;
LED-TOWER;DS - SIGNAL GUYS LED LIGHT TOWER - LECTRICAL SIGNALLING DEVICE USED IN 911 CALL CENTER;255;;;;;;;
TZ-215;DS - SONICWALL - - SECURE MODEM FOR TRASNMITTING & RECEIVING DATA;600;;;;;;;
TZ-215;DS - SONICWALL - - SECURE MODEM FOR TRASNMITTING & RECEIVING DATA;600;;;;;;;
MICRO PAD 630.21;DS - USB KEYPAD - COMPUTER PERIPHERAL DEVICE - INPUT DATA DEVICE - KEYBOARD ACCESORY FOR ADDITONAL NUMBER;120;;;;;;;
MICRO PAD 630.21;DS - USB KEYPAD - COMPUTER PERIPHERAL DEVICE - INPUT DATA DEVICE - KEYBOARD ACCESORY FOR ADDITONAL NUMBER;120;;;;;;;
114/4FXS/3AC;DS - VOIP MODEM - MODEM FOR VOIP SYSTEM USED WITH SOLACOM PRODUCTS;600;;;;;;;
114/4FXS/3AC;DS - VOIP MODEM - MODEM FOR VOIP SYSTEM USED WITH SOLACOM PRODUCTS;600;;;;;;;
MW100768091;DS - VTECH - VOICE OVER INTERNET PHONE;100;;;;;;;
MW1007680911;DS - VTECH - VOICE OVER INTERNET PHONE;100;;;;;;;
MW100768091;DS - VTECH - VOICE OVER INTERNET PHONE;100;;;;;;;
MW1007680911;DS - VTECH - VOICE OVER INTERNET PHONE;100;;;;;;;
PTS-500-NC-A-OP4;DS - WALKER HANDSET - TELEPHONE LINE HANDSET - PUSH TO TALK WITH NOISE CANCELLING;74;;;;;;;
PTS-500-NC-A-OP4;DS - WALKER HANDSET - TELEPHONE LINE HANDSET - PUSH TO TALK WITH NOISE CANCELLING;74;;;;;;;
E432721;DS- ELO MONITOR - COMPUTER PERIPHERAL DEVICE- DISPLAY UNIT- TOUCH MONITOR 21;700;;;;;;;
E432721;DS- ELO MONITOR - COMPUTER PERIPHERAL DEVICE- DISPLAY UNIT- TOUCH MONITOR 21;700;;;;;;;
0424RR;DUAL NIC CARD - COMPUTER PERIPHERAL DEVICE - INTERNAL COMPONENT USED FOR 911 CALL CENTER SYSTEMS;273;;;;;;;
0424RR;DUAL NIC CARD - COMPUTER PERIPHERAL DEVICE - INTERNAL COMPONENT USED FOR 911 CALL CENTER SYSTEMS;273;;;;;;;
ETAP-2105;DUALCOMM ETAP ROUTER;600;;;;;;;
ETAP-2105;DUALCOMM ETAP ROUTER;600;;;;;;;
NG911-DVD;DVD'S WITH SOFTCOPY OF PRICE & TECHINCAL BIDS;3,5;;;;;;;
NG911-DVD;DVD'S WITH SOFTCOPY OF PRICE & TECHINCAL BIDS;3,5;;;;;;;
U5-WC9B;E-PROM: SPARE PROCESSING CHIP FOR TELEPHONE SETS USING VOIP TECHNOLOGY;6;;;;;;;
U5-WC9B;E-PROM: SPARE PROCESSING CHIP FOR TELEPHONE SETS USING VOIP TECHNOLOGY;6;;;;;;;
E266835;ELO - 19 IN TOUCH SCREEN MONITOR - COMPUTER PERIPHERAL - OUTPUT DEVICE;625;;;;;;;
E266835;ELO - 19 IN TOUCH SCREEN MONITOR - COMPUTER PERIPHERAL - OUTPUT DEVICE;625;;;;;;;
E124923;ELO - 24 IN TOUCH SCREEN MONITOR - COMPUTER PERIPHERAL - OUTPUT DEVICE;975;;;;;;;
E124923;ELO - 24 IN TOUCH SCREEN MONITOR - COMPUTER PERIPHERAL - OUTPUT DEVICE;975;;;;;;;
EMP-1705;EPSON PROJECTOR - COMPUTER PERIPHERAL DISPLAY UNIT;500;;;;;;;
EMP-1705;EPSON PROJECTOR - COMPUTER PERIPHERAL DISPLAY UNIT;500;;;;;;;
TIA/EIA - 5683;ETHERNET CABLE;5;;;;;;;
TIA/EIA - 5685;ETHERNET CABLE;2,12;;;;;;;
TIA/EIA - 5686;ETHERNET CABLE;2,12;;;;;;;
TIA/EIA - 5687;ETHERNET CABLE;2,12;;;;;;;
TIA/EIA - 5681;ETHERNET CABLE;2,25;;;;;;;
TIA/EIA - 5683;ETHERNET CABLE;5;;;;;;;
TIA/EIA - 5685;ETHERNET CABLE;2,12;;;;;;;
TIA/EIA - 5686;ETHERNET CABLE;2,12;;;;;;;
TIA/EIA - 5687;ETHERNET CABLE;2,12;;;;;;;
TIA/EIA - 5681;ETHERNET CABLE;2,25;;;;;;;
TIA/EIA - 5682;ETHERNET CABLE - 10FT;2,85;;;;;;;
TIA/EIA - 568;ETHERNET CABLE - 10FT;2,85;;;;;;;
TIA/EIA - 5682;ETHERNET CABLE - 10FT;2,85;;;;;;;
TIA/EIA - 568;ETHERNET CABLE - 10FT;2,85;;;;;;;
2725;ETHERNET CABLE - 1OFT - PARTS USED IN A 911 CALL CENTER TO HELP TRASNMITT INFORMATION FROM ONE SERVER TO;2;;;;;;;
2725;ETHERNET CABLE - 1OFT - PARTS USED IN A 911 CALL CENTER TO HELP TRASNMITT INFORMATION FROM ONE SERVER TO;2;;;;;;;
TIA/EIA - 1268;ETHERNET CABLE - 20FT;15;;;;;;;
TIA/EIA - 1268;ETHERNET CABLE - 20FT;15;;;;;;;
TIA/EIA - 5688;ETHERNET CABLE 12 INCH;2,12;;;;;;;
TIA/EIA - 5688;ETHERNET CABLE 12 INCH;2,12;;;;;;;
TIA/EIA - 5689;ETHERNET CABLE 60 INCH;2,12;;;;;;;
TIA/EIA - 5689;ETHERNET CABLE 60 INCH;2,12;;;;;;;
G-VIEW 25G;G-VIEW : SHOCKWATCH ABUSE SENSOR -PART & ACCESORRIE FOR MESURING G-FORCE;400;;;;;;;
G-VIEW 25G;G-VIEW : SHOCKWATCH ABUSE SENSOR -PART & ACCESORRIE FOR MESURING G-FORCE;400;;;;;;;
DT100G2/32GBZ1;GIFT - 32GB ISB DRIVE - COMPUTER PERIPHERAL DEVICE, DATA DEVICE TO BE INCORPORATED INTO A DATA PROCESSING;22;;;;;;;
DT100G2/32GBZ1;GIFT - 32GB ISB DRIVE - COMPUTER PERIPHERAL DEVICE, DATA DEVICE TO BE INCORPORATED INTO A DATA PROCESSING;22;;;;;;;
7,32E+09;GIFT - BALL POINT PEN + KEYCHAIN + LETTER OF APPRECIATION;35;;;;;;;
7,32E+09;GIFT - BALL POINT PEN + KEYCHAIN + LETTER OF APPRECIATION;35;;;;;;;
BUBBLE WRAP;GIFT - BUBBLE WRAP TO RETURN PRODUCT TO SOLACOM - BOX & BUBBLE WRAP ALONE;15;;;;;;;
BUBBLE WRAP;GIFT - BUBBLE WRAP TO RETURN PRODUCT TO SOLACOM - BOX & BUBBLE WRAP ALONE;15;;;;;;;
AD-HMDIC-VGA;GIFT - CABLE ASSEMBLIES;4,55;;;;;;;
AD-HMDIC-VGA;GIFT - CABLE ASSEMBLIES;4,55;;;;;;;
DP2VGA2;GIFT - CABLE ASSEMBLIES - DELL DUAL VGA APPLICATION;15;;;;;;;
DP2VGA2;GIFT - CABLE ASSEMBLIES - DELL DUAL VGA APPLICATION;15;;;;;;;
DELL BOX;GIFT - EMPTY CARDBOARD BOX FOR DELL SERVER;42;;;;;;;
DELL BOX;GIFT - EMPTY CARDBOARD BOX FOR DELL SERVER;42;;;;;;;
GIFT - FRAMED LETTER OF APPRECIATIO;GIFT - FRAMED LETTER OF APPRECIATION;28;;;;;;;
GIFT - FRAMED LETTER OF APPRECIATIO;GIFT - FRAMED LETTER OF APPRECIATION;28;;;;;;;
53-3288-02;GIFT - Metal BRACKETS - MADE TO SUPPORT CISCO SWICTH 2960;50;;;;;;;
53-3288-02;GIFT - Metal BRACKETS - MADE TO SUPPORT CISCO SWICTH 2960;50;;;;;;;
P-PAC-HRDW;GIFT - P-PAC MOUNTING HARDWARE - ROHS COMLIANT STEEL BRACKET AND SCREWS FOR MOUNTING METAL BOX TO DESK;19,5;;;;;;;
P-PAC-HRDW;GIFT - P-PAC MOUNTING HARDWARE - ROHS COMLIANT STEEL BRACKET AND SCREWS FOR MOUNTING METAL BOX TO DESK;19,5;;;;;;;
GIFT - SMALL FOLDING SWISS ARMY KNI;GIFT - SMALL FOLDING SWISS ARMY KNIFE, BLADE IS 1 INCH LONG;25;;;;;;;
GIFT - SMALL FOLDING SWISS ARMY KNI;GIFT - SMALL FOLDING SWISS ARMY KNIFE, BLADE IS 1 INCH LONG;25;;;;;;;
SOL-M-GOLF;GIFT - SOLACOM - MENS COTTON GOLF SHIRT WITH COMPANY LOGO ON THEM;25;;;;;;;
SOL-M-GOLF;GIFT - SOLACOM - MENS COTTON GOLF SHIRT WITH COMPANY LOGO ON THEM;25;;;;;;;
SOLACOM-BROCHURE2;GIFT - SOLACOM BROCHURES - PRINTED BROCHURE;5,75;;;;;;;
SOLACOM-BROCHURE2;GIFT - SOLACOM BROCHURES - PRINTED BROCHURE;5,75;;;;;;;
SOLACOM-MOUSEPAD;GIFT - SOLACOM MOUSE PAD -MOUSE PAD MADE OF CELLULAR RUBBER;2,35;;;;;;;
SOLACOM-MOUSEPAD;GIFT - SOLACOM MOUSE PAD -MOUSE PAD MADE OF CELLULAR RUBBER;2,35;;;;;;;
SOLACOM - NOTEPAD1;GIFT - SOLACOM NOTEPAD;1,15;;;;;;;
SOLACOM - NOTEPAD1;GIFT - SOLACOM NOTEPAD;1,15;;;;;;;
SOLACOM - PEN - METAL BALLPOINT MOD;GIFT - SOLACOM PENS- BALL POINT PEN WITH SOLCAOM SYMBOL ON IT;20;;;;;;;
SOLACOM - PEN - METAL BALLPOINT MOD;GIFT - SOLACOM PENS- BALL POINT PEN WITH SOLCAOM SYMBOL ON IT;20;;;;;;;
SOLACOM - TUMBLER;GIFT - SOLACOM PLATIC DRINK TUMBLER;4;;;;;;;
SOLACOM - TUMBLER;GIFT - SOLACOM PLATIC DRINK TUMBLER;4;;;;;;;
SOLCAOM-USB-1GB1;GIFT - SOLACOM USB STICK - COMPUTER PERIPHRAL DEVICE - DATA DEVICE FOR INCORPORATION INTO DATA PRO;10;;;;;;;
SOLCAOM-USB-1GB1;GIFT - SOLACOM USB STICK - COMPUTER PERIPHRAL DEVICE - DATA DEVICE FOR INCORPORATION INTO DATA PRO;10;;;;;;;
SOLACOM-KEYCHAIN1;GIFT SOLACOM KEYCHAIN - METAL BASED KEYCHAING WITH SOLACOM LOGO;1,25;;;;;;;
SOLACOM-KEYCHAIN1;GIFT SOLACOM KEYCHAIN - METAL BASED KEYCHAING WITH SOLACOM LOGO;1,25;;;;;;;
SOLA-KNIFE1;GIFT SOLACOM KNIFE SMALL FOLDING SWISS ARMY KNIFE, BLADE IS 1 INCH LONG;16,76;;;;;;;
SOLA-KNIFE1;GIFT SOLACOM KNIFE SMALL FOLDING SWISS ARMY KNIFE, BLADE IS 1 INCH LONG;16,76;;;;;;;
SOLACOM - PEN - BASIC BALLPOINT M1;GIFT- SOLACOM CROSS PENS- BALL POINT PEN WITH SOLCAOM SYMBOL ON IT;25;;;;;;;
SOLACOM - PEN - BASIC BALLPOINT M1;GIFT- SOLACOM CROSS PENS- BALL POINT PEN WITH SOLCAOM SYMBOL ON IT;25;;;;;;;
SOLACOM - COASTER;GIFT- SOLACOM DRINK COASTER - PLASTIC;3,5;;;;;;;
SOLACOM - COASTER;GIFT- SOLACOM DRINK COASTER - PLASTIC;3,5;;;;;;;
SOLACOM - COASTER1;GIFT- SOLACOM DRINK COASTER -METAL;3,5;;;;;;;
SOLACOM - COASTER1;GIFT- SOLACOM DRINK COASTER -METAL;3,5;;;;;;;
SOLACOM - PEN - BASIC BALLPOINT M2;GIFT- SOLACOM PENS- BALL POINT PEN WITH SOLCAOM SYMBOL ON IT;0,97;;;;;;;
SOLACOM - PEN - BASIC BALLPOINT M2;GIFT- SOLACOM PENS- BALL POINT PEN WITH SOLCAOM SYMBOL ON IT;0,97;;;;;;;
961-00039-19A002;GRANDSTREAM - VOIP PHONE;80;;;;;;;
961-00039-19A002;GRANDSTREAM - VOIP PHONE;80;;;;;;;
961-00038-16A003;GRANDSTREAM BASE STATION - PHONE VOIP BASE STATION;75;;;;;;;
961-00038-16A003;GRANDSTREAM BASE STATION - PHONE VOIP BASE STATION;75;;;;;;;
P/N 60825-10;HANDSET WITH HEADPHONES - MODEL 5H51890-10 - COMPUTER PERIPHERAL DEVICE- AUDIO INTERFACE- HEADSET;140;;;;;;;
P/N 60825-10;HANDSET WITH HEADPHONES - MODEL 5H51890-10 - COMPUTER PERIPHERAL DEVICE- AUDIO INTERFACE- HEADSET;140;;;;;;;
V3210126 SR1;HD VOIP CARD - COMPUTER PERIPHERAL DEVICE - INTERNAL COMPONENTS - TELECOMMUNICATIONS CARD;5000;;;;;;;
V3210126 SR1;HD VOIP CARD - COMPUTER PERIPHERAL DEVICE - INTERNAL COMPONENTS - TELECOMMUNICATIONS CARD;5000;;;;;;;
PTS-500-OP4 BLACK-001;HEADSET - MONO - TELEPHONE LINE HEADSET USED IN 911 CAL CENTERS FOR OPERATORS;300;;;;;;;
C2213244-2;HEADSET - MONO - TELEPHONE LINE HEADSET USED IN 911 CAL CENTERS FOR OPERATORS;142;;;;;;;
PTS-500-OP4 BLACK-001;HEADSET - MONO - TELEPHONE LINE HEADSET USED IN 911 CAL CENTERS FOR OPERATORS;300;;;;;;;
C2213244-2;HEADSET - MONO - TELEPHONE LINE HEADSET USED IN 911 CAL CENTERS FOR OPERATORS;142;;;;;;;
SHS1890-103;HEADSET ADAPTER - TELEPHONE LINE HANDSET ADAPTER, USED FOR 911 CALL CENTERS BY CALL OPERATORS;175;;;;;;;
SHS1890-103;HEADSET ADAPTER - TELEPHONE LINE HANDSET ADAPTER, USED FOR 911 CALL CENTERS BY CALL OPERATORS;175;;;;;;;
J9011B#ABA;HP 2510-24 MANAGED SWITCH - COMPUTER PERIPHERAL DEVCICE MADE FOR TRANSMITTING & RECEIVING DATA;345;;;;;;;
J9011B#ABA;HP 2510-24 MANAGED SWITCH - COMPUTER PERIPHERAL DEVCICE MADE FOR TRANSMITTING & RECEIVING DATA;345;;;;;;;
J9773A#ABA1;HP 2530-24G MANAGED SWITCH - COMPUTER PERIPHERAL DEVCICE MADE FOR TRANSMITTING & RECEIVING DATA;900;;;;;;;
J9773A#ABA1;HP 2530-24G MANAGED SWITCH - COMPUTER PERIPHERAL DEVCICE MADE FOR TRANSMITTING & RECEIVING DATA;900;;;;;;;
DL20;HP COMPUTER SERVER -;3500;;;;;;;
DL20;HP COMPUTER SERVER -;3500;;;;;;;
HSTNN-170C;HP NETBOOK - HP COMPAQ MINI LAPTOP - PORTABLE DATA PROCESSING MACHINE - LAPTOP;450;;;;;;;
HSTNN-170C;HP NETBOOK - HP COMPAQ MINI LAPTOP - PORTABLE DATA PROCESSING MACHINE - LAPTOP;450;;;;;;;
M203 dw;HP PRINTER;120;;;;;;;
M203 dw;HP PRINTER;120;;;;;;;
J9137A#ABA;HP PROCURVE SWITCH - COMPUTER PERIPHERAL DEVICE FOR TRASNMITTING & RECEIVING DATA;600;;;;;;;
J9137A#ABA;HP PROCURVE SWITCH - COMPUTER PERIPHERAL DEVICE FOR TRASNMITTING & RECEIVING DATA;600;;;;;;;
SMG973WK12;Iphone XR;400;;;;;;;
SMG973WK12;Iphone XR;400;;;;;;;
1-901361R-AA0;IQ 2000 CHASSIS - METAL FRAME WITH POWER SUPPLY AND CONVERTER THAT IS USED FOR TELECOMMUNICATIONS;4102,5;;;;;;;
1-901361R-AA0;IQ 2000 CHASSIS - METAL FRAME WITH POWER SUPPLY AND CONVERTER THAT IS USED FOR TELECOMMUNICATIONS;4102,5;;;;;;;
CPA250-4530G;IQ CHASSIS POWER SUPPLY - POWER SUPPLY FOR AUTOMATIC DATA PROCESSING MACHINE;250;;;;;;;
CPA250-4530G;IQ CHASSIS POWER SUPPLY - POWER SUPPLY FOR AUTOMATIC DATA PROCESSING MACHINE;250;;;;;;;
1-901369R-AA01;IQ1500 CHASSIS FAN - METAL FRAME WITH FAN FOR POWER SUPPLY AND CONVERTER THAT IS USED FOR TELECOMMU;400;;;;;;;
1-901369R-AA01;IQ1500 CHASSIS FAN - METAL FRAME WITH FAN FOR POWER SUPPLY AND CONVERTER THAT IS USED FOR TELECOMMU;400;;;;;;;
6,30E+12;JR200VDC04003 VOIP PHONE, MODEL 6757 - VOICE OVER INTERNET PHONE;800;;;;;;;
6,30E+12;JR200VDC04003 VOIP PHONE, MODEL 6757 - VOICE OVER INTERNET PHONE;800;;;;;;;
CAP21-3;KEYCAPS FOR KEYBOARD - PLASTIC CAPS FOR KEYBOARDS;15;;;;;;;
CAP21-3;KEYCAPS FOR KEYBOARD - PLASTIC CAPS FOR KEYBOARDS;15;;;;;;;
RKCONS1701;KVM - COMPUTER PERIPHERAL DEVICE MADE FOR SERVERS, BUILT IN KEYBOARD, MONITOR & MOUSE;70;;;;;;;
RKCONS1701;KVM - COMPUTER PERIPHERAL DEVICE MADE FOR SERVERS, BUILT IN KEYBOARD, MONITOR & MOUSE;70;;;;;;;
TK-209K;KVM SWITCH - 2 PORT - COMPUTER PERIPHERAL DEVICE - USED FOR COMMUNICATION BETWEEN COMPUTERS,;125;;;;;;;
TK-209K;KVM SWITCH - 2 PORT - COMPUTER PERIPHERAL DEVICE - USED FOR COMMUNICATION BETWEEN COMPUTERS,;125;;;;;;;
SV831DUSBU;KVM SWITCH - 8 PORT -keyboard, video and mouse;400;;;;;;;
SV831DUSBU;KVM SWITCH - 8 PORT -keyboard, video and mouse;400;;;;;;;
UD2100001-01 MODEL E14;LANTRONIX - COMPUTER PERIPHERAL DEVICE USED FOR TRANSMITTING DATA BETWEEN MODEM AND INTERNAL COMPONENTS O;260,76;;;;;;;
UD2100001-01 MODEL E14;LANTRONIX - COMPUTER PERIPHERAL DEVICE USED FOR TRANSMITTING DATA BETWEEN MODEM AND INTERNAL COMPONENTS O;260,76;;;;;;;
c2213191-1 sr1;large Metall rail - rail made to support servers;150;;;;;;;
c2213191-1 sr1;large Metall rail - rail made to support servers;150;;;;;;;
URB42-LATCH;LATCHES FOR SERVER CABINET DOOR;25;;;;;;;
URB42-LATCH;LATCHES FOR SERVER CABINET DOOR;25;;;;;;;
7220;Latitude 7220 Rugged Extreme Tablet;1800;;;;;;;
7220;Latitude 7220 Rugged Extreme Tablet;1800;;;;;;;
V3210131-8 SR1;LD VOIP CARD - COMPUTER PERIPHERAL DEVICE - INTERNAL COMPONENTS - TELECOMMUNICATIONS CARD;4000;;;;;;;
V3210131-8 SR1;LD VOIP CARD - COMPUTER PERIPHERAL DEVICE - INTERNAL COMPONENTS - TELECOMMUNICATIONS CARD;4000;;;;;;;
C3210078-3 SR1;LED LIGHT TOWERS - ELECTRICAL LIGHTING EQUIPMENT - LIGHTING EQUIPMENT USED AT 911 CALL CENTERS;400;;;;;;;
PTE-AF-3FF-RAG;LED LIGHT TOWERS - ELECTRICAL LIGHTING EQUIPMENT - LIGHTING EQUIPMENT USED AT 911 CALL CENTERS;500;;;;;;;
C3210078-3 SR1;LED LIGHT TOWERS - ELECTRICAL LIGHTING EQUIPMENT - LIGHTING EQUIPMENT USED AT 911 CALL CENTERS;400;;;;;;;
PTE-AF-3FF-RAG;LED LIGHT TOWERS - ELECTRICAL LIGHTING EQUIPMENT - LIGHTING EQUIPMENT USED AT 911 CALL CENTERS;500;;;;;;;
v201;Logitech speakers - multiple loud spekers mounted in their inclosure;80;;;;;;;
v201;Logitech speakers - multiple loud spekers mounted in their inclosure;80;;;;;;;
CLP-3/4;MAGNETS - WORK HOLDERS FOR GUARDIAN SYSTEM - 3/4 INCH;1,5;;;;;;;
CLP-3/4;MAGNETS - WORK HOLDERS FOR GUARDIAN SYSTEM - 3/4 INCH;1,5;;;;;;;
CLP-1/8;MAGNETS - WORK HOLDERS FOR GUARDIAN SYSTEM 1/8 IN;1;;;;;;;
CLP-1/8;MAGNETS - WORK HOLDERS FOR GUARDIAN SYSTEM 1/8 IN;1;;;;;;;
DT3741434;MEDIANT 1000 T1 MODULE - COMPUTER PERIPHERAL DEVICE - INTERNAL COMPONENT - AUDIO CARD - TELECOM EQUIPMEN;1745;;;;;;;
DT3741434;MEDIANT 1000 T1 MODULE - COMPUTER PERIPHERAL DEVICE - INTERNAL COMPONENT - AUDIO CARD - TELECOM EQUIPMEN;1745;;;;;;;
GTPM00056;MEDIANT1000 4xFXS Module;240;;;;;;;
GTPM00056;MEDIANT1000 4xFXS Module;240;;;;;;;
GTPM00051;MEDIANT1000 4xT1 MODULE - COMPUTER PERIPHERAL DEVICE - INTERNAL COMPONENT - AUDIO CARD - TELECOM EQUIPMEN;4096;;;;;;;
GTPM00051;MEDIANT1000 4xT1 MODULE - COMPUTER PERIPHERAL DEVICE - INTERNAL COMPONENT - AUDIO CARD - TELECOM EQUIPMEN;4096;;;;;;;
2102;MEDIATRIX - ANALOGUE DIAL TONE SIMULATOR, TRANFERING & RECEIVING DATA TO TEST SYSTEMS;1000;;;;;;;
2102;MEDIATRIX - ANALOGUE DIAL TONE SIMULATOR, TRANFERING & RECEIVING DATA TO TEST SYSTEMS;1000;;;;;;;
1UKIT-ER-110-QR;Metail Rail Ears for Ups syetm - rail made to support servers from the front;25;;;;;;;
1UKIT-ER-110-QR;Metail Rail Ears for Ups syetm - rail made to support servers from the front;25;;;;;;;
1UKIT-109-QR;Metall rail - rail made to support servers;125;;;;;;;
KVM-RL - KIT;Metall rail - rail made to support servers;100;;;;;;;
1UKIT-109-QR1;Metall rail - rail made to support servers;65;;;;;;;
1UKIT-109-QR;Metall rail - rail made to support servers;125;;;;;;;
KVM-RL - KIT;Metall rail - rail made to support servers;100;;;;;;;
1UKIT-109-QR1;Metall rail - rail made to support servers;65;;;;;;;
B2213412-1 SR13;Metall shelf - shelf made to support modem;40;;;;;;;
B2213412-1 SR1;Metall shelf - shelf made to support modem;40;;;;;;;
B2213412-1 SR11;Metall shelf - shelf made to support modem;40;;;;;;;
B2213412-1 SR13;Metall shelf - shelf made to support modem;40;;;;;;;
B2213412-1 SR1;Metall shelf - shelf made to support modem;40;;;;;;;
B2213412-1 SR11;Metall shelf - shelf made to support modem;40;;;;;;;
B2213412-1 SR12;Metall shelf 100 % STEEL- shelf made to support modem;40;;;;;;;
B2213412-1 SR12;Metall shelf 100 % STEEL- shelf made to support modem;40;;;;;;;
62422401;MICROLINE PRINTER MODEL 186 - COMPUTER PERIPHERAL DEVICE - OUTPUT DEVICE, VIA PAPER;571,5;;;;;;;
62422401;MICROLINE PRINTER MODEL 186 - COMPUTER PERIPHERAL DEVICE - OUTPUT DEVICE, VIA PAPER;571,5;;;;;;;
AZRH-006;MICROSOFT KEYBOARD AND MOUSE SET - COMPUTER PERIPHERAL KEYBOARD AND MOUSE COMBO;85;;;;;;;
AZRH-006;MICROSOFT KEYBOARD AND MOUSE SET - COMPUTER PERIPHERAL KEYBOARD AND MOUSE COMBO;85;;;;;;;
80C0007AAA-A;MITEL EXPENSION PACK - KEYPAD FOR VOIP DEVICE;340;;;;;;;
80C0007AAA-A;MITEL EXPENSION PACK - KEYPAD FOR VOIP DEVICE;340;;;;;;;
A1736-0000-10-55;MITEL PHONE KEYPAD EXTENSION;200;;;;;;;
A1736-0000-10-55;MITEL PHONE KEYPAD EXTENSION;200;;;;;;;
80C00003AAA-A;MITEL VOIP PHONE, MODEL 6865i - VOICE OVER INTERNET PHONE;211;;;;;;;
80C00003AAA-A;MITEL VOIP PHONE, MODEL 6865i - VOICE OVER INTERNET PHONE;211;;;;;;;
80C00011AAA-A;MITEL WALL MOUNT - PLASTIC WALL MOUNT FOR OFFICE PHONES;25;;;;;;;
80C00011AAA-A;MITEL WALL MOUNT - PLASTIC WALL MOUNT FOR OFFICE PHONES;25;;;;;;;
M-GUARDIAN;MOBILE ADVANCED EMERGENCY SYSTEM TELECOMMUNICATION SYSTEM FOR 911;4200;;;;;;;
M-GUARDIAN;MOBILE ADVANCED EMERGENCY SYSTEM TELECOMMUNICATION SYSTEM FOR 911;4200;;;;;;;
F2L088-06;MODEM CABLE;3,69;;;;;;;
F2L088-06;MODEM CABLE;3,69;;;;;;;
BOXNUC5I5RYH;NANO - MINI COMPUTER SYSTEM;900;;;;;;;
BOXNUC5I5RYH;NANO - MINI COMPUTER SYSTEM;900;;;;;;;
9483 NETCLOCK;NETCLOCK - 9483 NETCLOCK NTP - UNIT FOR DATA PROCESSING MACHINE, TIMMING DEVICE FOR COMPUTER SYSTEM;4000;;;;;;;
9483 NETCLOCK;NETCLOCK - 9483 NETCLOCK NTP - UNIT FOR DATA PROCESSING MACHINE, TIMMING DEVICE FOR COMPUTER SYSTEM;4000;;;;;;;
9483 NETWORK NTP;NETCLOCK - 9483 NETWORK ntp TIME SERVER - COMPONENT FOR DATA PROCESSING MACHINE;4300;;;;;;;
9483 NETWORK NTP;NETCLOCK - 9483 NETWORK ntp TIME SERVER - COMPONENT FOR DATA PROCESSING MACHINE;4300;;;;;;;
C2213180-2 SR1;NETCLOCK - GPS ANTENNA - RADIO NAVIGATIONAL APARATUS FOR RECEPTION ONLY - GPS DEVICE FOR NETCLOCK SYSTEM;1000;;;;;;;
C2213180-2 SR1;NETCLOCK - GPS ANTENNA - RADIO NAVIGATIONAL APARATUS FOR RECEPTION ONLY - GPS DEVICE FOR NETCLOCK SYSTEM;1000;;;;;;;
8225-0001-0600;NETCLOCK - GPS ANTENNA SURGE PROTECTOR - DEVICE FOR NETCLOCK SYSTEM;1000;;;;;;;
8225-0001-0600;NETCLOCK - GPS ANTENNA SURGE PROTECTOR - DEVICE FOR NETCLOCK SYSTEM;1000;;;;;;;
CA01-ONON-3200;"NETCLOCK - GROUND CABLE - 200 FT - INSULATED CABL;E USED FOR TELECOMMUNICATION PURPOSES IN A 911 CALL CEN";500;;;;;;;
CA01-ONON-3200;"NETCLOCK - GROUND CABLE - 200 FT - INSULATED CABL;E USED FOR TELECOMMUNICATION PURPOSES IN A 911 CALL CEN";500;;;;;;;
1168-0050-0004;NETCLOCK - SPECTRACOM IP CLOCK - PERIPHERAL DEVICE FOR DATA PROCESSING MACHINES;450;;;;;;;
1168-0050-0004;NETCLOCK - SPECTRACOM IP CLOCK - PERIPHERAL DEVICE FOR DATA PROCESSING MACHINES;450;;;;;;;
1168-0001-0010;NETCLOCK - SPECTRACOM POE INJECTOR- ELECTRICAL APARTUS THAT POWERS DEVICE VIA ETHERNET CABLES;100;;;;;;;
1168-0001-0010;NETCLOCK - SPECTRACOM POE INJECTOR- ELECTRICAL APARTUS THAT POWERS DEVICE VIA ETHERNET CABLES;100;;;;;;;
1145-0001-0600;NETCLOCK - SPECTRACOM TIME VIEW 400 - PERIPHERAL DEVICE FOR DATA PROCESSING MACHINES;350;;;;;;;
1145-0001-0600;NETCLOCK - SPECTRACOM TIME VIEW 400 - PERIPHERAL DEVICE FOR DATA PROCESSING MACHINES;350;;;;;;;
NETCLOCK MAN8226;NETCLOCK MANUAL - IN SINGLE SHEET FORM;10;;;;;;;
NETCLOCK MAN8226;NETCLOCK MANUAL - IN SINGLE SHEET FORM;10;;;;;;;
BROADCOM 5719 QP;NIC CARD -COMPUTER PERIPHERAL DEVICE - INTERNAL COMPONENT USED FOR 911 CALL CENTER SYSTEMS;450;;;;;;;
BROADCOM 5719 QP;NIC CARD -COMPUTER PERIPHERAL DEVICE - INTERNAL COMPONENT USED FOR 911 CALL CENTER SYSTEMS;450;;;;;;;
1204-0060-0600;NIC CARD -SPECTRACOM - 3 PORT NIC PERIPHERAL DEVICE - INTERNAL COMPONENT USED FOR 911 CALL CENTER SYSTEMS;450;;;;;;;
1204-0060-0600;NIC CARD -SPECTRACOM - 3 PORT NIC PERIPHERAL DEVICE - INTERNAL COMPONENT USED FOR 911 CALL CENTER SYSTEMS;450;;;;;;;
LL81924;NORTH AMERICAN WIRE FOR A MODEM;2;;;;;;;
LL81924;NORTH AMERICAN WIRE FOR A MODEM;2;;;;;;;
D34010WYKH;NUC - MINI COMPUTER - COMPUTER SYSTEM - DATA PROCESSING MACHINE;650;;;;;;;
D34010WYKH;NUC - MINI COMPUTER - COMPUTER SYSTEM - DATA PROCESSING MACHINE;650;;;;;;;
62448601;OKI LINE PRINTER - 186 BW SERIAL PRINTER;250;;;;;;;
62448601;OKI LINE PRINTER - 186 BW SERIAL PRINTER;250;;;;;;;
ON1500XAU;ONE AC UPS - UNITERRUPTED POWER SUPPLY FOR CMPUTER/ SEVERS;2200;;;;;;;
ON1500XAU;ONE AC UPS - UNITERRUPTED POWER SUPPLY FOR CMPUTER/ SEVERS;2200;;;;;;;
35427113+12+1;ORACLE ACME PACKET 4600 HA - COMPUTER PERIPHERAL DEVICE MADE FOR TRASNMITTING AND RECEIVING DATA.;47916,42;;;;;;;
35427113+12+1;ORACLE ACME PACKET 4600 HA - COMPUTER PERIPHERAL DEVICE MADE FOR TRASNMITTING AND RECEIVING DATA.;47916,42;;;;;;;
S/N 0901614;P-CABINET-42U;4235;;;;;;;
S/N 0901614;P-CABINET-42U;4235;;;;;;;
24030706-B;P-CABINET-42U - P-RACK-25U-20ATL;4235;;;;;;;
24030706-B;P-CABINET-42U - P-RACK-25U-20ATL;4235;;;;;;;
C2213668-5 3YS+;P-DC PBX-MEDIA-5YS+;0;;;;;;;
C2213668-5 3YS+;P-DC PBX-MEDIA-5YS+;0;;;;;;;
;P-DP HANDSET_6W;114;;;;;;;
P-DP HANDSET_6W;P-DP HANDSET_6W;114;;;;;;;
;P-DP HANDSET_6W;114;;;;;;;
P-DP HANDSET_6W;P-DP HANDSET_6W;114;;;;;;;
B5100005;P-DP HANDSET_6W - B5100005 - PTS Handset with 15ft cord;114;;;;;;;
B5100005;P-DP HANDSET_6W - B5100005 - PTS Handset with 15ft cord;114;;;;;;;
R-340 Series;P-ENH ADMIN-R-GA-5YS+;7025;;;;;;;
R-340 Series;P-ENH ADMIN-R-GA-5YS+;7025;;;;;;;
OPTIPLEX;P-ENH POS-5YS+;1839;;;;;;;
OPTIPLEX;P-ENH POS-5YS+;1839;;;;;;;
80C00003AAA-A1;P-ENH_IP PHONE;308;;;;;;;
80C00003AAA-A1;P-ENH_IP PHONE;308;;;;;;;
J9776A#ABA;P-ESK-RED-H;1927;;;;;;;
J9776A#ABA;P-ESK-RED-H;1927;;;;;;;
R8N88A;P-ESK-SSP-GEO-H;1927;;;;;;;
R8N88A;P-ESK-SSP-GEO-H;1927;;;;;;;
C2213928-1;P-FG Router-1Y;5090;;;;;;;
C2213928-1;P-FG Router-1Y;5090;;;;;;;
P-FORTI1801F-DC-5YS+;P-FG Router-5Ys;18944,18;;;;;;;
P-FORTI1801F-DC-5YS+;P-FG Router-5Ys;18944,18;;;;;;;
Fortigate 1801;P-FORTI1801F-DC-5YS+;110747,2;;;;;;;
Fortigate 1801;P-FORTI1801F-DC-5YS+;110747,2;;;;;;;
V3210126-37 SR1;P-HDVOIP;4000;;;;;;;
V3210126-37 SR1;P-HDVOIP;4000;;;;;;;
Damocles 2404i;P-IOBox-4Out-24In;881,1;;;;;;;
Damocles 2404i;P-IOBox-4Out-24In;881,1;;;;;;;
C2213665-1 SR1;P-IQ2000 DC;0;;;;;;;
C2213665-1 SR1;P-IQ2000 DC;0;;;;;;;
1-901732-AE;P-IQ500;3254;;;;;;;
1-901732-AE;P-IQ500;3254;;;;;;;
VOIP-L1 ZTX1W;P-IRR - B3211264-1 SR1 IRR KEY - COMPUTER PERIPHERAL DEVICE - DATA DEVICE INCORPORATED;370;;;;;;;
VOIP-L1 ZTX1W;P-IRR - B3211264-1 SR1 IRR KEY - COMPUTER PERIPHERAL DEVICE - DATA DEVICE INCORPORATED;370;;;;;;;
KVM SWITCH;P-KVM 8 PORT;1544;;;;;;;
KVM SWITCH;P-KVM 8 PORT;1544;;;;;;;
(683-U) KEYCAPS C2213780-1 SR1;P-KYPAD6-48KEY;169;;;;;;;
(683-U) KEYCAPS C2213780-1 SR1;P-KYPAD6-48KEY;169;;;;;;;
(683-U) KEYCAPS C2213176 C2213780;P-KYPADU6 - C2213176-1SR1 GENOVATION KEYPAD - COMPUTER PERIPHERAL DEVICE - INPUT, PARTIAL KEYBOARD;64;;;;;;;
(683-U) KEYCAPS C2213176 C2213780;P-KYPADU6 - C2213176-1SR1 GENOVATION KEYPAD - COMPUTER PERIPHERAL DEVICE - INPUT, PARTIAL KEYBOARD;64;;;;;;;
M1K-VM-1SPAN;P-M1K-FXS;3128;;;;;;;
M1K-VM-1SPAN;P-M1K-FXS;3128;;;;;;;
DELL 24;P-MONITOR 24in AS;293,7;;;;;;;
DELL 24;P-MONITOR 24in AS;293,7;;;;;;;
P2422H;P-MONITOR 24in AS - DELL 24;293,7;;;;;;;
P2422H;P-MONITOR 24in AS - DELL 24;293,7;;;;;;;
R340;P-MSApp;5735;;;;;;;
R340;P-MSApp;5735;;;;;;;
C3210052-36 SR11;P-PAC - COMPUTER PERIPHERAL DEVICE- AUDIO COMMUNICATION DEVICE , SOFTWARE BUILT IN;787;;;;;;;
C3210052-36 SR12;P-PAC - COMPUTER PERIPHERAL DEVICE- AUDIO COMMUNICATION DEVICE , SOFTWARE BUILT IN;699;;;;;;;
C3210052-xx SR1;P-PAC - COMPUTER PERIPHERAL DEVICE- AUDIO COMMUNICATION DEVICE , SOFTWARE BUILT IN;1300;;;;;;;
C3210052-36 SR11;P-PAC - COMPUTER PERIPHERAL DEVICE- AUDIO COMMUNICATION DEVICE , SOFTWARE BUILT IN;787;;;;;;;
C3210052-36 SR12;P-PAC - COMPUTER PERIPHERAL DEVICE- AUDIO COMMUNICATION DEVICE , SOFTWARE BUILT IN;699;;;;;;;
C3210052-xx SR1;P-PAC - COMPUTER PERIPHERAL DEVICE- AUDIO COMMUNICATION DEVICE , SOFTWARE BUILT IN;1300;;;;;;;
B3210503-3 SR1;P-PAC - COMPUTER PERIPHERAL DEVICE- AUDIO COMMUNICATION DEVICE , SOFTWARE BUILT IN WITH POWER SUPPLY;500;;;;;;;
B3210503-3 SR1;P-PAC - COMPUTER PERIPHERAL DEVICE- AUDIO COMMUNICATION DEVICE , SOFTWARE BUILT IN WITH POWER SUPPLY;500;;;;;;;
P-PAC, SN 110800031, 1108009;P-PAC - COMPUTER PERIPHERAL DEVICE- AUDIO COMMUNICATION DEVICE WITH CABLES, SOFTWARE BUILT IN AND HANDSET;1000;;;;;;;
P-PAC, SN 110800031, 11080091;P-PAC - COMPUTER PERIPHERAL DEVICE- AUDIO COMMUNICATION DEVICE WITH CABLES, SOFTWARE BUILT IN AND HANDSET;1500;;;;;;;
P/N P-PAC-U;P-PAC - COMPUTER PERIPHERAL DEVICE- AUDIO COMMUNICATION DEVICE WITH CABLES, SOFTWARE BUILT IN AND HANDSET;1000;;;;;;;
P/N P-PAC-U1;P-PAC - COMPUTER PERIPHERAL DEVICE- AUDIO COMMUNICATION DEVICE WITH CABLES, SOFTWARE BUILT IN AND HANDSET;1000;;;;;;;
P-PAC, SN 110800031, 1108009;P-PAC - COMPUTER PERIPHERAL DEVICE- AUDIO COMMUNICATION DEVICE WITH CABLES, SOFTWARE BUILT IN AND HANDSET;1000;;;;;;;
P-PAC, SN 110800031, 11080091;P-PAC - COMPUTER PERIPHERAL DEVICE- AUDIO COMMUNICATION DEVICE WITH CABLES, SOFTWARE BUILT IN AND HANDSET;1500;;;;;;;
P/N P-PAC-U;P-PAC - COMPUTER PERIPHERAL DEVICE- AUDIO COMMUNICATION DEVICE WITH CABLES, SOFTWARE BUILT IN AND HANDSET;1000;;;;;;;
P/N P-PAC-U1;P-PAC - COMPUTER PERIPHERAL DEVICE- AUDIO COMMUNICATION DEVICE WITH CABLES, SOFTWARE BUILT IN AND HANDSET;1000;;;;;;;
C3210052;P-PAC 2 CONSOLES - COMPUTER PERIPHERAL DEVICE FOR EMERGENCY TELECOM;666,73;;;;;;;
C3210052;P-PAC 2 CONSOLES - COMPUTER PERIPHERAL DEVICE FOR EMERGENCY TELECOM;666,73;;;;;;;
P/N P-PAC-II;P-PAC 2- COMPUTER PERIPHERAL DEVICE- AUDIO COMMUNICATION DEVICE WITH CABLES, SOFTWARE BUILT IN AND HANDS;1500;;;;;;;
P/N P-PAC-II2;P-PAC 2- COMPUTER PERIPHERAL DEVICE- AUDIO COMMUNICATION DEVICE WITH CABLES, SOFTWARE BUILT IN AND HANDS;1500;;;;;;;
P/N P-PAC-II3;P-PAC 2- COMPUTER PERIPHERAL DEVICE- AUDIO COMMUNICATION DEVICE WITH CABLES, SOFTWARE BUILT IN AND HANDS;1500;;;;;;;
P/N P-PAC-II;P-PAC 2- COMPUTER PERIPHERAL DEVICE- AUDIO COMMUNICATION DEVICE WITH CABLES, SOFTWARE BUILT IN AND HANDS;1500;;;;;;;
P/N P-PAC-II2;P-PAC 2- COMPUTER PERIPHERAL DEVICE- AUDIO COMMUNICATION DEVICE WITH CABLES, SOFTWARE BUILT IN AND HANDS;1500;;;;;;;
P/N P-PAC-II3;P-PAC 2- COMPUTER PERIPHERAL DEVICE- AUDIO COMMUNICATION DEVICE WITH CABLES, SOFTWARE BUILT IN AND HANDS;1500;;;;;;;
P-PAC-II;P-PAC 2-COMPUTER PERIPHERAL DEVICE- AUDIO COMMUNICATION DEVICE WITH CABLES, SOFTWARE BUILT IN AND HANDSET;2290;;;;;;;
P-PAC-II;P-PAC 2-COMPUTER PERIPHERAL DEVICE- AUDIO COMMUNICATION DEVICE WITH CABLES, SOFTWARE BUILT IN AND HANDSET;2290;;;;;;;
P/N P-PAC-BASE;P-PACBASE COMPUTER PERIPHERAL DEVICE- AUDIO COMMUNICATION DEVICE WITH CABLES, SOFTWARE BUILT IN AND HANDS;1500;;;;;;;
P/N P-PAC-BASE;P-PACBASE COMPUTER PERIPHERAL DEVICE- AUDIO COMMUNICATION DEVICE WITH CABLES, SOFTWARE BUILT IN AND HANDS;1500;;;;;;;
OPTIPLEX 3000;P-PC MAP-UPG;215;;;;;;;
OPTIPLEX 3000;P-PC MAP-UPG;215;;;;;;;
LED LIGHT;P-POS-LGTrev3;814;;;;;;;
LED LIGHT;P-POS-LGTrev3;814;;;;;;;
23100675-B;P-RACK-25U-20ATL;2021;;;;;;;
23100675-B;P-RACK-25U-20ATL;2021;;;;;;;
P-SFP+ 10G-MMF-SR;P-SFP+ 10G-MMF-SR Cisco;486,035;;;;;;;
P-SFP+ 10G-MMF-SR;P-SFP+ 10G-MMF-SR Cisco;486,035;;;;;;;
HW4;P-SMS4G GTW 1port;1075;;;;;;;
HW4;P-SMS4G GTW 1port;1075;;;;;;;
R240;P-SSP-ADM-R-GA-5YS+;5621;;;;;;;
R240;P-SSP-ADM-R-GA-5YS+;5621;;;;;;;
C2213364-10;P-SSP-APP-GA-5YS+;4915;;;;;;;
C2213364-10;P-SSP-APP-GA-5YS+;4915;;;;;;;
P2018H;P-SSP-KMM;274;;;;;;;
P2018H;P-SSP-KMM;274;;;;;;;
A50;P-STD POS-5YS+;1615;;;;;;;
A50;P-STD POS-5YS+;1615;;;;;;;
R19U;P-SUP POS-5YS+;2664;;;;;;;
R19U2.0;P-SUP POS-5YS+;2664;;;;;;;
R19U;P-SUP POS-5YS+;2664;;;;;;;
R19U2.0;P-SUP POS-5YS+;2664;;;;;;;
S2421H;P-TCH MON 24in;435;;;;;;;
S2421H;P-TCH MON 24in;435;;;;;;;
R-Series;P-TNG2-AD-DNS-CA-DC-5YS+;15915,79;;;;;;;
R-Series;P-TNG2-AD-DNS-CA-DC-5YS+;15915,79;;;;;;;
C3210052-33 SR1;PAC II CONSOLE - COMPUTER PERIPHERAL DEVICE- AUDIO COMMUNICATION DEVICE , SOFTWARE BUILT IN;2513,275;;;;;;;
C3210052-34 SR1;PAC II CONSOLE - COMPUTER PERIPHERAL DEVICE- AUDIO COMMUNICATION DEVICE , SOFTWARE BUILT IN;1240;;;;;;;
C3210052-33 SR1;PAC II CONSOLE - COMPUTER PERIPHERAL DEVICE- AUDIO COMMUNICATION DEVICE , SOFTWARE BUILT IN;2513,275;;;;;;;
C3210052-34 SR1;PAC II CONSOLE - COMPUTER PERIPHERAL DEVICE- AUDIO COMMUNICATION DEVICE , SOFTWARE BUILT IN;1240;;;;;;;
PAN-PA-220;PALOALTO ROUTER - COMPUTER PERIPHERAL DEVICE MADE FOR TRASNMITTING DATA FOR 911 TELECOM SYSTEMS;1000;;;;;;;
PAN-PA-220;PALOALTO ROUTER - COMPUTER PERIPHERAL DEVICE MADE FOR TRASNMITTING DATA FOR 911 TELECOM SYSTEMS;1000;;;;;;;
NANUK 945;PELICAN CASE- PLASTIC CASE;100;;;;;;;
NANUK 945;PELICAN CASE- PLASTIC CASE;100;;;;;;;
P/N PIK- APP-00301B1;PIKA - TECHNOLOGY - WARP FOR ASTERIX - MODEM USED TO CONNECT SERVER SYSTEM TO VOIP SYSTEM;677,13;;;;;;;
P/N PIK- APP-00301B1;PIKA - TECHNOLOGY - WARP FOR ASTERIX - MODEM USED TO CONNECT SERVER SYSTEM TO VOIP SYSTEM;677,13;;;;;;;
S/N PIK-221-002407;PIKA - TECHNOLOGY - WARP POWER SUPPLY- POWER SUPPLY FOR THE ASSTRA VOIP PHONE;677,13;;;;;;;
P/N PIK- APP-00301B;PIKA - TECHNOLOGY - WARP POWER SUPPLY- POWER SUPPLY FOR THE ASSTRA VOIP PHONE;677,13;;;;;;;
P/N PIK- APP-00301B2;PIKA - TECHNOLOGY - WARP POWER SUPPLY- POWER SUPPLY FOR THE ASSTRA VOIP PHONE;677,13;;;;;;;
S/N PIK-221-002407;PIKA - TECHNOLOGY - WARP POWER SUPPLY- POWER SUPPLY FOR THE ASSTRA VOIP PHONE;677,13;;;;;;;
P/N PIK- APP-00301B;PIKA - TECHNOLOGY - WARP POWER SUPPLY- POWER SUPPLY FOR THE ASSTRA VOIP PHONE;677,13;;;;;;;
P/N PIK- APP-00301B2;PIKA - TECHNOLOGY - WARP POWER SUPPLY- POWER SUPPLY FOR THE ASSTRA VOIP PHONE;677,13;;;;;;;
PIXUS IQ500;PIXUS IQ500;400;;;;;;;
PIXUS IQ500;PIXUS IQ500;400;;;;;;;
DA80;PLANRONICS HEADSET - HEADSET WITH BUILT IN MICROPHONE USED FOR VOIP PHONES OR 911 CALL CENTERS;200;;;;;;;
DA80;PLANRONICS HEADSET - HEADSET WITH BUILT IN MICROPHONE USED FOR VOIP PHONES OR 911 CALL CENTERS;200;;;;;;;
SHS1890-101;PLANTRONIC HEADSET ADAPTERS - HEADSET ADAPTER WITH TELEPHONE LINE HANDSET - PUSH TO TALK;200;;;;;;;
SHS1890-10;PLANTRONIC HEADSET ADAPTERS - HEADSET ADAPTER WITH TELEPHONE LINE HANDSET - PUSH TO TALK;200;;;;;;;
SHS1890-101;PLANTRONIC HEADSET ADAPTERS - HEADSET ADAPTER WITH TELEPHONE LINE HANDSET - PUSH TO TALK;200;;;;;;;
SHS1890-10;PLANTRONIC HEADSET ADAPTERS - HEADSET ADAPTER WITH TELEPHONE LINE HANDSET - PUSH TO TALK;200;;;;;;;
HW710;PLANTRONICS HEADSET - HEADSET WITH TELEPHONE PHONE LINE HANDSET - PUSH TO TALK HANDSET;150;;;;;;;
HW301N;PLANTRONICS HEADSET - HEADSET WITH TELEPHONE PHONE LINE HANDSET - PUSH TO TALK HANDSET;370;;;;;;;
202652-104;PLANTRONICS HEADSET - HEADSET WITH TELEPHONE PHONE LINE HANDSET - PUSH TO TALK HANDSET;370;;;;;;;
201852-01;PLANTRONICS HEADSET - HEADSET WITH TELEPHONE PHONE LINE HANDSET - PUSH TO TALK HANDSET;370;;;;;;;
HW710;PLANTRONICS HEADSET - HEADSET WITH TELEPHONE PHONE LINE HANDSET - PUSH TO TALK HANDSET;150;;;;;;;
HW301N;PLANTRONICS HEADSET - HEADSET WITH TELEPHONE PHONE LINE HANDSET - PUSH TO TALK HANDSET;370;;;;;;;
202652-104;PLANTRONICS HEADSET - HEADSET WITH TELEPHONE PHONE LINE HANDSET - PUSH TO TALK HANDSET;370;;;;;;;
201852-01;PLANTRONICS HEADSET - HEADSET WITH TELEPHONE PHONE LINE HANDSET - PUSH TO TALK HANDSET;370;;;;;;;
A12CD-S;PLANTRONICS HEADSET ADAPTER - HEADSET ADAPTER USED WITH VOIP PHONES OR 911 CALL CENTERS;420;;;;;;;
A12CD-S;PLANTRONICS HEADSET ADAPTER - HEADSET ADAPTER USED WITH VOIP PHONES OR 911 CALL CENTERS;420;;;;;;;
2201-15600-001 - C2213651-1;POLYCOM - SOUND POINT IP - VOICE OIVER INTERNET TELEPHONE SET;650;;;;;;;
2201-15600-001 - C2213651-1;POLYCOM - SOUND POINT IP - VOICE OIVER INTERNET TELEPHONE SET;650;;;;;;;
SOLACOM - TRAINING GUARDIAN;PORTABLE GUARDIAN SYSTEM USED FOR TRAINING ONLY - SYSTEM IS USED FOR TELECOMUNNICATION PURPOSE FOR 911 CA;30000;;;;;;;
SOLACOM - TRAINING GUARDIAN;PORTABLE GUARDIAN SYSTEM USED FOR TRAINING ONLY - SYSTEM IS USED FOR TELECOMUNNICATION PURPOSE FOR 911 CA;30000;;;;;;;
C2213178-1 SR1;POWER BAR-APARRATUS FOR PROTECTING ELECRICAL CIRCUITS 50'' LONG WITH 18 OUTLETS.;125;;;;;;;
C2213178-1 SR1;POWER BAR-APARRATUS FOR PROTECTING ELECRICAL CIRCUITS 50'' LONG WITH 18 OUTLETS.;125;;;;;;;
PDUV20;POWER BAR-APARRATUS FOR PROTECTING ELECRICAL CIRCUITS30'' LONG WITH 18 OUTLETS.;125;;;;;;;
PDUV20;POWER BAR-APARRATUS FOR PROTECTING ELECRICAL CIRCUITS30'' LONG WITH 18 OUTLETS.;125;;;;;;;
PIK- 99-00910;POWER SUPPLY - WARP- POWER SUPPLY FOR VOICE OVER INTERNET TELEPONES;35;;;;;;;
PIK- 99-00910;POWER SUPPLY - WARP- POWER SUPPLY FOR VOICE OVER INTERNET TELEPONES;35;;;;;;;
D6700-0131-48201;POWER SUPPLY -48 V UNVERSAL-POWER SUPPLY FOR VOICE OVER INTERNET TELEPONES;250;;;;;;;
D6700-0131-48201;POWER SUPPLY -48 V UNVERSAL-POWER SUPPLY FOR VOICE OVER INTERNET TELEPONES;250;;;;;;;
LC-LCSM UPC 8dB;POWER SUPPLY -FO-ATTLC3-8DB;300;;;;;;;
LC-LCSM UPC 8dB;POWER SUPPLY -FO-ATTLC3-8DB;300;;;;;;;
SWI12-12-N-P6;POWER SUPPLY 12V- POWER SUPPLY-B5090030L;35;;;;;;;
SWI12-12-N-P6;POWER SUPPLY 12V- POWER SUPPLY-B5090030L;35;;;;;;;
C2213491-2 SR1;POWERVAR UPS model ABCE1442-11R;3000;;;;;;;
C2213491-2 SR1;POWERVAR UPS model ABCE1442-11R;3000;;;;;;;
RKCONS17011;Rackmount LCD KVM Console;800;;;;;;;
RKCONS17011;Rackmount LCD KVM Console;800;;;;;;;
Device Model/Type Name or #;Reference;Costs;Description of Equipment;Harmonized Tariff Number2;Quantity of Item (not number of containers)3;Manufacturer’s Name and Addre;;;
Nov-67;RELAY - COMPUTER PERIPHERAL DEVICE MADE FOR TRANSMITTING & RECEIVING DATA RELATED TO ENVIURONMANTAL MONIT;525;;;;;;;
Nov-67;RELAY - COMPUTER PERIPHERAL DEVICE MADE FOR TRANSMITTING & RECEIVING DATA RELATED TO ENVIURONMANTAL MONIT;525;;;;;;;
Jan-67;RELAY GOOSE - MODEM USED WITH DATA PROCESSING MACHINES;525;;;;;;;
Jan-67;RELAY GOOSE - MODEM USED WITH DATA PROCESSING MACHINES;525;;;;;;;
REPAIR1;REPAIR COST-;500;;;;;;;
REPAIR1;REPAIR COST-;500;;;;;;;
REPAIR;REPAIR COST- TESTING;25;;;;;;;
REPAIR;REPAIR COST- TESTING;25;;;;;;;
V321026-6 SR1A;RMA - HD VOIIP CARD V321026-6 SR1A - COMPUTER PERIPHERAL DEVICE, INTERNAL COMPONENTS- AUDIO CARD UPGRADED;3935,14;;;;;;;
V321026-6 SR1A;RMA - HD VOIIP CARD V321026-6 SR1A - COMPUTER PERIPHERAL DEVICE, INTERNAL COMPONENTS- AUDIO CARD UPGRADED;3935,14;;;;;;;
1-901369R-A00;RMA - IQ 1500 CHASSIS - METAL FRAME WITH POWER SUPPLY AND CONVERTER THAT IS USED FOR TELECOMMUNICATIONS;4102,5;;;;;;;
1-901361R-A00;RMA - IQ 1500 CHASSIS - METAL FRAME WITH POWER SUPPLY AND CONVERTER THAT IS USED FOR TELECOMMUNICATIONS;4945,21;;;;;;;
1-901369R-A001;RMA - IQ 1500 CHASSIS - METAL FRAME WITH POWER SUPPLY AND CONVERTER THAT IS USED FOR TELECOMMUNICATIONS;4102,5;;;;;;;
1-901369R-A00;RMA - IQ 1500 CHASSIS - METAL FRAME WITH POWER SUPPLY AND CONVERTER THAT IS USED FOR TELECOMMUNICATIONS;4102,5;;;;;;;
1-901361R-A00;RMA - IQ 1500 CHASSIS - METAL FRAME WITH POWER SUPPLY AND CONVERTER THAT IS USED FOR TELECOMMUNICATIONS;4945,21;;;;;;;
1-901369R-A001;RMA - IQ 1500 CHASSIS - METAL FRAME WITH POWER SUPPLY AND CONVERTER THAT IS USED FOR TELECOMMUNICATIONS;4102,5;;;;;;;
V3210127-4 SR2;RMA- HD VOIP CAR - COMPUTER PERIPHERAL DEVICE - INTERNAL COMPONENTS - AUDIO CARD - TELECOMMUNICATIONS;375,91;;;;;;;
V3210127-4 SR21;RMA- HD VOIP CAR - COMPUTER PERIPHERAL DEVICE - INTERNAL COMPONENTS - AUDIO CARD - TELECOMMUNICATIONS;375,91;;;;;;;
V3210127-4 SR2;RMA- HD VOIP CAR - COMPUTER PERIPHERAL DEVICE - INTERNAL COMPONENTS - AUDIO CARD - TELECOMMUNICATIONS;375,91;;;;;;;
V3210127-4 SR21;RMA- HD VOIP CAR - COMPUTER PERIPHERAL DEVICE - INTERNAL COMPONENTS - AUDIO CARD - TELECOMMUNICATIONS;375,91;;;;;;;
RSASecureID;RSA FOB -Apparatus device made with an individual function of providing a random generated password used;5;;;;;;;
RSASecureID;RSA FOB -Apparatus device made with an individual function of providing a random generated password used;5;;;;;;;
S/N 0901616;S-GUARDIAN SYSTEM - ADVANCED EMERGENCY SYSTEM COMPUTER SERVER FOR 911 EMERGENCY SYSTEMS.;30100;;;;;;;
S/N 09016161;S-GUARDIAN SYSTEM - ADVANCED EMERGENCY SYSTEM COMPUTER SERVER FOR 911 EMERGENCY SYSTEMS.;81535;;;;;;;
S/N 0901616;S-GUARDIAN SYSTEM - ADVANCED EMERGENCY SYSTEM COMPUTER SERVER FOR 911 EMERGENCY SYSTEMS.;30100;;;;;;;
S/N 09016161;S-GUARDIAN SYSTEM - ADVANCED EMERGENCY SYSTEM COMPUTER SERVER FOR 911 EMERGENCY SYSTEMS.;81535;;;;;;;
SMT307UN32;Samsung Tablet;300;;;;;;;
SMT307UN32;Samsung Tablet;300;;;;;;;
U41-T190DS-SB;SAW TECHNOLOGY MONITORS- COMPUTER PERIPHERAL DEVICE - OUTPUT DEVICE - TOUCH SCREEN MONITOR 19;561,78;;;;;;;
U41-T190DS-SB;SAW TECHNOLOGY MONITORS- COMPUTER PERIPHERAL DEVICE - OUTPUT DEVICE - TOUCH SCREEN MONITOR 19;561,78;;;;;;;
2DV162-300;Seagate 500GB HARD DRIVE;200;;;;;;;
2DV162-300;Seagate 500GB HARD DRIVE;200;;;;;;;
C2213723-1 SR1;SFP LC 1dB ATT module;200;;;;;;;
C2213723-1 SR1;SFP LC 1dB ATT module;200;;;;;;;
C2213722-1 SR1;SFP LC 8dB ATT module;200;;;;;;;
C2213722-1 SR1;SFP LC 8dB ATT module;200;;;;;;;
4220-SIDE- KIT;"SIDE PANELS - METAL; SIDE PANELS FOR COMPUTER SERVER RACK";750;;;;;;;
4220-SIDE- KIT;"SIDE PANELS - METAL; SIDE PANELS FOR COMPUTER SERVER RACK";750;;;;;;;
94315872LF;SMS - MULTI MODEM - COMPUTER PERIPHERAL DEVICE USED FOR COMMUNICATING AND TRASNMITTING DATA;500;;;;;;;
94315872LF;SMS - MULTI MODEM - COMPUTER PERIPHERAL DEVICE USED FOR COMMUNICATING AND TRASNMITTING DATA;500;;;;;;;
NXSW-9700-4G;SMS EAGLE- MULTI MODEM - COMPUTER PERIPHERAL DEVICE USED FOR COMMUNICATING AND TRASNMITTING DATA;1500;;;;;;;
NXSW-9700-4G;SMS EAGLE- MULTI MODEM - COMPUTER PERIPHERAL DEVICE USED FOR COMMUNICATING AND TRASNMITTING DATA;1500;;;;;;;
SOL-M-GOLF1;SOLACOM - MENS COTTON GOLF SHIRT WITH COMPANY LOGO ON THEM;15;;;;;;;
SOL-M-GOLF1;SOLACOM - MENS COTTON GOLF SHIRT WITH COMPANY LOGO ON THEM;15;;;;;;;
C2214119-1 SR2;SOLACOM ADMINISTRATOR TRAINING GUIDE;2;;;;;;;
C2214119-1 SR2;SOLACOM ADMINISTRATOR TRAINING GUIDE;2;;;;;;;
SOLA-WALLET;SOLACOM ALUMINUM WALLET - SMALL ALUMINUM CASE USED WITH CARD SLOTS FOR CREDIT CARDS OR BUSSINESS CARDS;2,45;;;;;;;
SOLA-WALLET;SOLACOM ALUMINUM WALLET - SMALL ALUMINUM CASE USED WITH CARD SLOTS FOR CREDIT CARDS OR BUSSINESS CARDS;2,45;;;;;;;
SOLA-BANNER;SOLACOM BANNER - PLASTIC BANNER WITH SOLACOM LOGO USED FOR TRADE SHOWS.;350;;;;;;;
SOLA-BANNER;SOLACOM BANNER - PLASTIC BANNER WITH SOLACOM LOGO USED FOR TRADE SHOWS.;350;;;;;;;
SOLA-BAN-FRAME;SOLACOM BANNER FRAME - ALUMINUM FRAME MADE TO ACT AS A STRUCTURE AND SUPPORT THE PLASTIC BANNER;200;;;;;;;
SOLA-BAN-FRAME;SOLACOM BANNER FRAME - ALUMINUM FRAME MADE TO ACT AS A STRUCTURE AND SUPPORT THE PLASTIC BANNER;200;;;;;;;
SOLACOM-BROCHURE1;SOLACOM BROCHURES - PRINTED BROCHURE;3,5;;;;;;;
SOLACOM-BROCHURE;SOLACOM BROCHURES - PRINTED BROCHURE;2,5;;;;;;;
SOLACOM-BROCHURE1;SOLACOM BROCHURES - PRINTED BROCHURE;3,5;;;;;;;
SOLACOM-BROCHURE;SOLACOM BROCHURES - PRINTED BROCHURE;2,5;;;;;;;
SOLACOM - CERT 02;SOLACOM CERTIFICATE FOR COMPLETION OF TRAINING;5;;;;;;;
SOLACOM - CERT 02;SOLACOM CERTIFICATE FOR COMPLETION OF TRAINING;5;;;;;;;
SOL-CERT;SOLACOM CERTIFICATE OF COMPLTETION FOR ADMIN TRAINING GIUDE;5;;;;;;;
SOL-CERT;SOLACOM CERTIFICATE OF COMPLTETION FOR ADMIN TRAINING GIUDE;5;;;;;;;
53002;SOLACOM COBALT BLUE - SWISS ARMY KNIFE - FOLDING BLADE POCKET KNIFE, 1.5 INCH BLAD;35;;;;;;;
53002;SOLACOM COBALT BLUE - SWISS ARMY KNIFE - FOLDING BLADE POCKET KNIFE, 1.5 INCH BLAD;35;;;;;;;
C2214118-1 SR21;SOLACOM I & M TRAINING GUIDE;20;;;;;;;
C2214118-1 SR21;SOLACOM I & M TRAINING GUIDE;20;;;;;;;
SOLACOM-KEYCHAIN;SOLACOM KEYCHAIN - METAL BASED KEYCHAING WITH SOLACOM LOGO;1,25;;;;;;;
SOLACOM-KEYCHAIN;SOLACOM KEYCHAIN - METAL BASED KEYCHAING WITH SOLACOM LOGO;1,25;;;;;;;
SOLA-KNIFE;SOLACOM KNIFE SMALL FOLDING SWISS ARMY KNIFE, BLADE IS 1 INCH LONG;16,76;;;;;;;
SOLA-KNIFE;SOLACOM KNIFE SMALL FOLDING SWISS ARMY KNIFE, BLADE IS 1 INCH LONG;16,76;;;;;;;
3926.90.99;SOLACOM MOUSE PADS - MOUSE PAD MADE OF PLASTIC;1,95;;;;;;;
3926.90.99;SOLACOM MOUSE PADS - MOUSE PAD MADE OF PLASTIC;1,95;;;;;;;
SOLACOM - NOTEPAD;SOLACOM NOTEPAD;0,2;;;;;;;
SOLACOM - NOTEPAD;SOLACOM NOTEPAD;0,2;;;;;;;
C2214118-1 SR2;SOLACOM OPERATOR TRAINING GUIDDE;2;;;;;;;
C2214118-1 SR2;SOLACOM OPERATOR TRAINING GUIDDE;2;;;;;;;
SOLACOM - PEN - BASIC BALLPOINT MOD;SOLACOM PENS- BALL POINT PEN WITH SOLCAOM SYMBOL ON IT;1;;;;;;;
SOLACOM - PEN - BASIC BALLPOINT MOD;SOLACOM PENS- BALL POINT PEN WITH SOLCAOM SYMBOL ON IT;1;;;;;;;
8711-00;SOLACOM PRINTED GUIDE- SINGLE SHEET FORM;6;;;;;;;
8711-00;SOLACOM PRINTED GUIDE- SINGLE SHEET FORM;6;;;;;;;
DT100G2/32GBZ;SOLACOM USB STICK - COMPUTER PERIPHRAL DEVICE - DATA DEVICE FOR INCORPORATION INTO DATA PRO;23;;;;;;;
DT100G2/32GBZ;SOLACOM USB STICK - COMPUTER PERIPHRAL DEVICE - DATA DEVICE FOR INCORPORATION INTO DATA PRO;23;;;;;;;
SOLCAOM-USB-1GB;SOLACOM USB STICK - COMPUTER PERIPHRAL DEVICE - DATA DEVICE FOR INCORPORATION INTO DATA PROCESSING MACHIN;10;;;;;;;
SOLCAOM-USB-1GB;SOLACOM USB STICK - COMPUTER PERIPHRAL DEVICE - DATA DEVICE FOR INCORPORATION INTO DATA PROCESSING MACHIN;10;;;;;;;
TZ-300;SONICWALL - - SECURE MODEM FOR TRASNMITTING & RECEIVING DATA;600;;;;;;;
TZ-300;SONICWALL - - SECURE MODEM FOR TRASNMITTING & RECEIVING DATA;600;;;;;;;
R19;SPEAKERS EDIFIER;40;;;;;;;
R19BT;SPEAKERS EDIFIER;40;;;;;;;
R19;SPEAKERS EDIFIER;40;;;;;;;
R19BT;SPEAKERS EDIFIER;40;;;;;;;
0A27112;SS7 HARDDRIVE - INTERNAL COMPONENT FOR DATA PROCESSING MACHINE - MODEL HTE541040G9AT00;1000;;;;;;;
0A27112;SS7 HARDDRIVE - INTERNAL COMPONENT FOR DATA PROCESSING MACHINE - MODEL HTE541040G9AT00;1000;;;;;;;
OPTIPLEX XE4;Standard Position PC w/ AS Cord;1730,3;;;;;;;
OPTIPLEX XE4;Standard Position PC w/ AS Cord;1730,3;;;;;;;
RS820;Synology Rack Staion Server;1300;;;;;;;
RS820;Synology Rack Staion Server;1300;;;;;;;
MQ01ACF0501;TOSHIBA - 500G HARDRIVE FOR COMPUTER;150;;;;;;;
MQ01ACF0501;TOSHIBA - 500G HARDRIVE FOR COMPUTER;150;;;;;;;
DP/N 0C7F2G;TOSHIBAHARD DRIVE - 500 GB;500;;;;;;;
DP/N 0C7F2G;TOSHIBAHARD DRIVE - 500 GB;500;;;;;;;
MODEL 1100;UNIDEN - VOICE OVER INTERNET PHONE.;20;;;;;;;
MODEL 1100;UNIDEN - VOICE OVER INTERNET PHONE.;20;;;;;;;
C2213735-1 SR1;USB CABLE 10FT;25;;;;;;;
C2213735-1 SR1;USB CABLE 10FT;25;;;;;;;
CONTROL PAD CP24-USB;USB KEYPAD MADE BY GENOVATIONS;122;;;;;;;
USBHID;USB KEYPAD MADE BY GENOVATIONS;122;;;;;;;
USBHID1;USB KEYPAD MADE BY GENOVATIONS;122;;;;;;;
CONTROL PAD CP24-USB;USB KEYPAD MADE BY GENOVATIONS;122;;;;;;;
USBHID;USB KEYPAD MADE BY GENOVATIONS;122;;;;;;;
USBHID1;USB KEYPAD MADE BY GENOVATIONS;122;;;;;;;
V3210006-28 SR1;V3210006-28 SR1 - T1 INTERFACE CARD - COMPUTER PERIPHERAL - INTERNAL COMPONENT FOR TELECOMMUNICATION;4500;;;;;;;
V3210006-28 SR11;V3210006-28 SR1 - T1 INTERFACE CARD - COMPUTER PERIPHERAL - INTERNAL COMPONENT FOR TELECOMMUNICATION;4500;;;;;;;
V3210006-28 SR1;V3210006-28 SR1 - T1 INTERFACE CARD - COMPUTER PERIPHERAL - INTERNAL COMPONENT FOR TELECOMMUNICATION;4500;;;;;;;
V3210006-28 SR11;V3210006-28 SR1 - T1 INTERFACE CARD - COMPUTER PERIPHERAL - INTERNAL COMPONENT FOR TELECOMMUNICATION;4500;;;;;;;
V3210008-2 SR1;V3210008-2 SR1 - T1 MEZZANINE CARD - COMPUTER PERIPHERAL - INTERNAL COMPONENT FOR TELECOMMUNICATIONS;1200;;;;;;;
V3210008-2 SR1;V3210008-2 SR1 - T1 MEZZANINE CARD - COMPUTER PERIPHERAL - INTERNAL COMPONENT FOR TELECOMMUNICATIONS;1200;;;;;;;
V3210008-2 SR2;V3210008-2 SR2 - T1 MEZZANINE CARD - COMPUTER PERIPHERAL - INTERNAL COMPONENT FOR TELECOMMUNICATIONS;1200;;;;;;;
V3210008-2 SR2;V3210008-2 SR2 - T1 MEZZANINE CARD - COMPUTER PERIPHERAL - INTERNAL COMPONENT FOR TELECOMMUNICATIONS;1200;;;;;;;
V3210046-4 SR3;V3210046-4 SR3 - T1 I/O CARD - COMPUTER PERIPHERAL - INTERNAL COMPONENT FOR TELECOMMUNICATION DEVICE;1200;;;;;;;
V3210046-4 SR3;V3210046-4 SR3 - T1 I/O CARD - COMPUTER PERIPHERAL - INTERNAL COMPONENT FOR TELECOMMUNICATION DEVICE;1200;;;;;;;
V3210126-38 SR1;V3210126-38 SR1 - VOIP CARD - COMPUTER PERIPHERAL - INTERNAL COMPONENT FOR TELECOMMUNICATION DEVICE;4000;;;;;;;
V3210126-38 SR1;V3210126-38 SR1 - VOIP CARD - COMPUTER PERIPHERAL - INTERNAL COMPONENT FOR TELECOMMUNICATION DEVICE;4000;;;;;;;
V3210127-10 SR13;V3210127 - VOIP I/O CARD - COMPUTER PERIPHERAL - INTERNAL COMPONENT FOR TELECOMMUNICATION DEVICE;1000;;;;;;;
V3210127-10 SR13;V3210127 - VOIP I/O CARD - COMPUTER PERIPHERAL - INTERNAL COMPONENT FOR TELECOMMUNICATION DEVICE;1000;;;;;;;
V3210127-10 SR11;V3210127-10 SR1 - VOIP I/O CARD - COMPUTER PERIPHERAL - INTERNAL COMPONENT FOR TELECOMMUNICATION DEVICE;1000;;;;;;;
V3210127-10 SR11;V3210127-10 SR1 - VOIP I/O CARD - COMPUTER PERIPHERAL - INTERNAL COMPONENT FOR TELECOMMUNICATION DEVICE;1000;;;;;;;
V3210127-4 SR22;V3210127-11 SR1 - VOIP I/O CARD - COMPUTER PERIPHERAL - INTERNAL COMPONENT FOR TELECOMMUNICATION DEVICE;1000;;;;;;;
V3210127-11 SR1;V3210127-11 SR1 - VOIP I/O CARD - COMPUTER PERIPHERAL - INTERNAL COMPONENT FOR TELECOMMUNICATION DEVICE;1000;;;;;;;
V3210127-4 SR22;V3210127-11 SR1 - VOIP I/O CARD - COMPUTER PERIPHERAL - INTERNAL COMPONENT FOR TELECOMMUNICATION DEVICE;1000;;;;;;;
V3210127-11 SR1;V3210127-11 SR1 - VOIP I/O CARD - COMPUTER PERIPHERAL - INTERNAL COMPONENT FOR TELECOMMUNICATION DEVICE;1000;;;;;;;
V3210127-4 SR24;V3210127-4 SR1 - VOIP I/O CARD - COMPUTER PERIPHERAL - INTERNAL COMPONENT FOR TELECOMMUNICATION DEVICE;585;;;;;;;
V3210127-4 SR24;V3210127-4 SR1 - VOIP I/O CARD - COMPUTER PERIPHERAL - INTERNAL COMPONENT FOR TELECOMMUNICATION DEVICE;585;;;;;;;
V3210127-4 SR23;V3210127-4 SR2 - VOIP I/O CARD - COMPUTER PERIPHERAL - INTERNAL COMPONENT FOR TELECOMMUNICATION DEVICE;600;;;;;;;
V3210127-4 SR23;V3210127-4 SR2 - VOIP I/O CARD - COMPUTER PERIPHERAL - INTERNAL COMPONENT FOR TELECOMMUNICATION DEVICE;600;;;;;;;
V3210127-10 SR12;V3210127-5 SR1 - VOIP I/O CARD - COMPUTER PERIPHERAL - INTERNAL COMPONENT FOR TELECOMMUNICATION DEVICE;1000;;;;;;;
V3210127-10 SR12;V3210127-5 SR1 - VOIP I/O CARD - COMPUTER PERIPHERAL - INTERNAL COMPONENT FOR TELECOMMUNICATION DEVICE;1000;;;;;;;
V3210127-10 SR1;V3210127-5 SR2 - VOIP I/O CARD - COMPUTER PERIPHERAL - INTERNAL COMPONENT FOR TELECOMMUNICATION DEVICE;1000;;;;;;;
V3210127-10 SR1;V3210127-5 SR2 - VOIP I/O CARD - COMPUTER PERIPHERAL - INTERNAL COMPONENT FOR TELECOMMUNICATION DEVICE;1000;;;;;;;
POU3230;V3210131-37 SR1;3,071;;;;;;;
POU3230;V3210131-37 SR1;3,071;;;;;;;
VIP-324D;VALCOM POWER SUPPLY - POWER SUPPLY FOR VOIP TELEPHON SYSTEMS;25;;;;;;;
VIP-324D;VALCOM POWER SUPPLY - POWER SUPPLY FOR VOIP TELEPHON SYSTEMS;25;;;;;;;
VIP-804;Valcom VIP 804- PAGE ZONE EXTENDER - MADE TO TRANSMIT AND RECEIVE DATA FOR MODEM;400;;;;;;;
VIP-804;Valcom VIP 804- PAGE ZONE EXTENDER - MADE TO TRANSMIT AND RECEIVE DATA FOR MODEM;400;;;;;;;
S/N RML104000671, RML104000469;VIEWSONIC 32IN LED MONITOR - MODEL CMPDUA01 - COMPUTER PERIPHERAL DEVICE - DISPLAY UNIT - MONITOR;258;;;;;;;
S/N RML104000671, RML104000469;VIEWSONIC 32IN LED MONITOR - MODEL CMPDUA01 - COMPUTER PERIPHERAL DEVICE - DISPLAY UNIT - MONITOR;258;;;;;;;
VG2448;VIEWSONIC LED MONITOR;300;;;;;;;
VG2448;VIEWSONIC LED MONITOR;300;;;;;;;
C3210074-3 SR1;VOIP I/O CARD - COMPUTER PERIPHERAL - INTERNAL COMPONENT FOR TELECOMMUNICATION DEVICE;400;;;;;;;
C3210074-3 SR1;VOIP I/O CARD - COMPUTER PERIPHERAL - INTERNAL COMPONENT FOR TELECOMMUNICATION DEVICE;400;;;;;;;
M800C-ESBC/PSAP;VOIP MODEM;800;;;;;;;
M800C-ESBC/PSAP;VOIP MODEM;800;;;;;;;
GGWV000679;VOIP MODEM.;800;;;;;;;
GGWV000679;VOIP MODEM.;800;;;;;;;
6,30E+11;VOIP PHONE, MODEL 6757 - VOICE OVER INTERNET PHONE.;130;;;;;;;
6,30E+11;VOIP PHONE, MODEL 6757 - VOICE OVER INTERNET PHONE.;130;;;;;;;
50905-0011;WALKER HANDSET;62;;;;;;;
W3-K-M-EM-95-00;WALKER HANDSET;62;;;;;;;
50905-0012;WALKER HANDSET;62;;;;;;;
W3-K-M-EM-95-001;WALKER HANDSET;62;;;;;;;
50905-001;WALKER HANDSET;62;;;;;;;
51320001;WALKER HANDSET;62;;;;;;;
50905-0011;WALKER HANDSET;62;;;;;;;
W3-K-M-EM-95-00;WALKER HANDSET;62;;;;;;;
50905-0012;WALKER HANDSET;62;;;;;;;
W3-K-M-EM-95-001;WALKER HANDSET;62;;;;;;;
50905-001;WALKER HANDSET;62;;;;;;;
51320001;WALKER HANDSET;62;;;;;;;
PTS-500-OP4 BLACK-00;WALKER HANDSET - TELEPHONE LINE HANDSET - PUSH TO TALK HANDSET USED IN 911 CALL CENTERS;70;;;;;;;
PTS-500-OP4 BLACK-00;WALKER HANDSET - TELEPHONE LINE HANDSET - PUSH TO TALK HANDSET USED IN 911 CALL CENTERS;70;;;;;;;
PTS-500-OP4 BLACK-002;WALKER HANDSET - TELEPHONE LINE HANDSET - PUSH TO TALK WITH NOISE CANCELLING;100;;;;;;;
PTS-500-OP4 BLACK-003;WALKER HANDSET - TELEPHONE LINE HANDSET - PUSH TO TALK WITH NOISE CANCELLING;100;;;;;;;
PTS-500-OP4 BLACK-002;WALKER HANDSET - TELEPHONE LINE HANDSET - PUSH TO TALK WITH NOISE CANCELLING;100;;;;;;;
PTS-500-OP4 BLACK-003;WALKER HANDSET - TELEPHONE LINE HANDSET - PUSH TO TALK WITH NOISE CANCELLING;100;;;;;;;
P/N PIK- APP-00301B3;WARP APPLIANCE -TECHNOLOGY - WARP FOR ASTERIX - MODEM USED TO CONNECT SERVER SYSTEM TO VOIP SYSTEM;700;;;;;;;
P/N PIK- APP-00301B3;WARP APPLIANCE -TECHNOLOGY - WARP FOR ASTERIX - MODEM USED TO CONNECT SERVER SYSTEM TO VOIP SYSTEM;700;;;;;;;
feb-90;WATCH DOG 100 - COMPUTER PERIPHERAL DEVICE MADE FOR TRANSMITTTING & RECEIVING DATA RELATED TO ENVIRONMENT;250;;;;;;;
Feb-90;WATCH DOG 100 - COMPUTER PERIPHERAL DEVICE MADE FOR TRANSMITTTING & RECEIVING DATA RELATED TO ENVIRONMENT;250;;;;;;;
